"","URL","Name","YearEst","Employees","Revenue"
"1","https://www.proff.dk/firma/ferring-pharmaceuticals-as/kastrup/bioteknologi/09PNJ4I0225/","FERRING PHARMACEUTICALS A/S",1992,537,1051468
"2","https://www.proff.dk/firma/landbrug-f%C3%B8devarer-f.m.b.a./k%C3%B8benhavn-v/bioteknologi/0F76PLI0225/","LANDBRUG &amp; FØDEVARER F.M.B.A.",1964,1351,589000
"3","https://www.proff.dk/firma/roche-innovation-center-copenhagen-as/h%C3%B8rsholm/bioteknologi/0CBGIBI0225/","ROCHE INNOVATION CENTER COPENHAGEN A/S",1998,64,274294
"4","https://www.proff.dk/firma/zealand-pharma-as/s%C3%B8borg/bioteknologi/0BXMVQI0225/","ZEALAND PHARMA A/S",1997,222,262749
"5","https://www.proff.dk/firma/nordic-bioscience-as/herlev/bioteknologi/0IC5EOI0225/","NORDIC BIOSCIENCE A/S",2007,164,254960
"6","https://www.proff.dk/firma/pentabase-as/odense-c/bioteknologi/0HZ8T8I0225/","PENTABASE A/S",2007,168,199224
"7","https://www.proff.dk/firma/origio-as/m%C3%A5l%C3%B8v/bioteknologi/06J8F9I0225/","ORIGIO A/S",1987,133,185823
"8","https://www.proff.dk/firma/azanta-danmark-as/valby/bioteknologi/0F1EYFI0225/","AZANTA DANMARK A/S",2000,2,176299
"9","https://www.proff.dk/firma/gubra-aps/h%C3%B8rsholm/bioteknologi/0I60S9I0225/","GUBRA ApS",2008,160,134886
"10","https://www.proff.dk/firma/bioneer-as/h%C3%B8rsholm/bioteknologi/0GBGQ9I0225/","BIONEER A/S",2003,73,133577
"11","https://www.proff.dk/firma/vitrolife-as/viby-j/bioteknologi/0GBF7TI0225/","VITROLIFE A/S",2003,91,130352
"12","https://www.proff.dk/firma/glycom-as/h%C3%B8rsholm/bioteknologi/0GZ4CPI0225/","GLYCOM A/S",2005,54,123707
"13","https://www.proff.dk/firma/y-mabs-therapeutics-as/h%C3%B8rsholm/bioteknologi/0M26SUI0225/","Y-mAbs Therapeutics A/S",2015,97,82434
"14","https://www.proff.dk/firma/sophion-bioscience-as/ballerup/bioteknologi/05YSAXI0225/","SOPHION BIOSCIENCE A/S",2000,45,77484
"15","https://www.proff.dk/firma/nbcd-as/herlev/bioteknologi/0I7HKUI0225/","NBCD A/S",2007,39,59689
"16","https://www.proff.dk/firma/eurofins-genomics-europe-genotyping-as/galten/bioteknologi/05ZDPUI0225/","Eurofins Genomics Europe Genotyping A/S",2000,123,40932
"17","https://www.proff.dk/firma/qiagen-aarhus-as/aarhus-c/bioteknologi/0GUOCFI0225/","QIAGEN AARHUS A/S",2004,66,39485
"18","https://www.proff.dk/firma/pharmaceutical-research-associates-denmark-aps/k%C3%B8benhavn-v/bioteknologi/0JSIC8I0225/","PHARMACEUTICAL RESEARCH ASSOCIATES DENMARK ApS",2010,52,34746
"19","https://www.proff.dk/firma/savara-aps/hellerup/bioteknologi/0METVNI0225/","Savara ApS",2016,5,29197
"20","https://www.proff.dk/firma/minerva-imaging-aps/%C3%B8lstykke/bioteknologi/0KAEK2I0225/","MINERVA IMAGING ApS",2011,62,28061
"21","https://www.proff.dk/firma/inbicon-as/fredericia/bioteknologi/0G3HLNI0225/","INBICON A/S",2003,NA,25651
"22","https://www.proff.dk/firma/immudex-aps/virum/bioteknologi/0INWXII0225/","IMMUDEX ApS",2008,54,24389
"23","https://www.proff.dk/firma/syneos-health-denmark-aps/s%C3%B8borg/bioteknologi/0L33T2I0225/","Syneos Health Denmark ApS",2013,25,22872
"24","https://www.proff.dk/firma/evosep-aps/odense-c/bioteknologi/0MBYYCI0225/","Evosep ApS",2016,28,21644
"25","https://www.proff.dk/firma/proxeon-biosystems-aps/roskilde/bioteknologi/0FZG2GI0225/","PROXEON BIOSYSTEMS ApS",2002,NA,20729
"26","https://www.proff.dk/firma/vipergen-aps/k%C3%B8benhavn-v/bioteknologi/0H6E5QI0225/","VIPERGEN ApS",2005,15,3128
"27","https://www.proff.dk/firma/housetest-aps/odense-c/bioteknologi/0K5UQ6I0225/","HOUSETEST ApS",2011,3,3053
"28","https://www.proff.dk/firma/next-stage-ventures-aps/humleb%C3%A6k/bioteknologi/0MC5XJI0225/","Next Stage Ventures ApS",2016,3,2889
"29","https://www.proff.dk/firma/toft-plantefor%C3%A6dling-aps/roslev/bioteknologi/0EYQO2I0225/","TOFT PLANTEFORÆDLING ApS",1999,1,2741
"30","https://www.proff.dk/firma/bioscavenge-aps/g%C3%B8rlev/bioteknologi/0MVO7CI0225/","BioScavenge ApS",2017,3,2620
"31","https://www.proff.dk/firma/abtbioconsult-aps/hiller%C3%B8d/bioteknologi/0P83V8I0225/","AbtBioConsult ApS",2021,1,2513
"32","https://www.proff.dk/firma/river-stone-biotech-aps/k%C3%B8benhavn-%C3%B8/bioteknologi/0NAMDLI0225/","River Stone Biotech ApS",2017,23,2477
"33","https://www.proff.dk/firma/ranger-biotechnologies-as/odense-s%C3%B8/bioteknologi/0J7VPWI0225/","Ranger Biotechnologies A/S",2009,10,2429
"34","https://www.proff.dk/firma/immunaware-aps/h%C3%B8rsholm/bioteknologi/0NBYJ3I0225/","immunAware ApS",2017,5,2395
"35","https://www.proff.dk/firma/livag-aps/vedb%C3%A6k/bioteknologi/0NZ5PUI0225/","LIVAG ApS",2019,1,2274
"36","https://www.proff.dk/firma/cmcassist-aps/k%C3%B8benhavn-n/bioteknologi/0MJ9WTI0225/","CMCassist ApS",2016,5,2245
"37","https://www.proff.dk/firma/dhm-holding-as/k%C3%B8benhavn-%C3%B8/bioteknologi/070AP1I0225/","DHM HOLDING A/S",1987,3,2181
"38","https://www.proff.dk/firma/2a-pharma-aps/aalborg-%C3%B8st/bioteknologi/0NGAR1I0225/","2A Pharma ApS",2018,5,2096
"39","https://www.proff.dk/firma/desres-sub-denmark-aps/k%C3%B8benhavn-k/bioteknologi/0OPE8QI0225/","DESRES SUB DENMARK ApS",2020,0,2052
"40","https://www.proff.dk/firma/bainan-biotech-aps/k%C3%B8benhavn-n/bioteknologi/0NRAC4I0225/","Bainan Biotech ApS",2018,6,1953
"41","https://www.proff.dk/firma/biomodics-aps/kgs.lyngby/bioteknologi/0JKVU2I0225/","BIOMODICS ApS",2010,2,1916
"42","https://www.proff.dk/firma/biotest-facility-aps/trige/bioteknologi/0MLX7YI0225/","Biotest Facility ApS",2016,7,1861
"43","https://www.proff.dk/firma/bk-clinical-trials-consulting-ks/n%C3%A6rum/bioteknologi/0M3AZ0I0225/","BK Clinical Trials Consulting K/S",2015,NA,1856
"44","https://www.proff.dk/firma/kim-andersen-aps/k%C3%B8benhavn-%C3%B8/bioteknologi/0OKSOHI0225/","kim Andersen ApS",2020,NA,1825
"45","https://www.proff.dk/firma/pond-as/aarhus-c/bioteknologi/0LV6ITI0225/","pond A/S",2015,2,1796
"46","https://www.proff.dk/firma/pipeline-bioresearch-aps/aarhus-c/bioteknologi/0MIV5JI0225/","Pipeline Bioresearch ApS",2016,2,1612
"47","https://www.proff.dk/firma/solsten-diagnostics-international-aps/aarhus-n/bioteknologi/0O2NM8I0225/","Solsten Diagnostics International ApS",2019,7,1543
"48","https://www.proff.dk/firma/andstats-aps/frederiksberg/bioteknologi/0LV80FI0225/","AndStats ApS",2015,1,1512
"49","https://www.proff.dk/firma/dnasense-aps/aalborg-%C3%B8st/bioteknologi/0LGE85I0225/","DNASENSE ApS",2014,5,1446
"50","https://www.proff.dk/firma/hyamedix-aps/k%C3%B8benhavn-n/bioteknologi/0NBPQTI0225/","Hyamedix ApS",2017,3,1402
"51","https://www.proff.dk/firma/clirecon-aps/k%C3%B8benhavn-%C3%B8/bioteknologi/0INFTCI0225/","CLIRECON ApS",2008,NA,630
"52","https://www.proff.dk/firma/anapa-biotech-as/h%C3%B8rsholm/bioteknologi/0GF8UNI0225/","Anapa Biotech A/S",2004,1,526
"53","https://www.proff.dk/firma/immumap-services-aps/h%C3%B8rsholm/bioteknologi/0MQ422I0225/","Immumap Services ApS",2016,3,521
"54","https://www.proff.dk/firma/defos-aps/slangerup/bioteknologi/0MWLDCI0225/","Defos ApS",2017,NA,495
"55","https://www.proff.dk/firma/sn-biotech-holding-aps/aarhus-c/bioteknologi/0FQ1UBI0225/","SN BIOTECH HOLDING ApS",2001,NA,442
"56","https://www.proff.dk/firma/sited2-aps/v%C3%A6rl%C3%B8se/bioteknologi/0NPQIPI0225/","SiteD2 ApS",2018,NA,432
"57","https://www.proff.dk/firma/bee-patch-aps/lejre/bioteknologi/0IWXF0I0225/","BEE-PATCH ApS",2008,1,375
"58","https://www.proff.dk/firma/bifrost-biolabs-aps/glostrup/bioteknologi/0N1K75I0225/","Bifrost Biolabs ApS",2017,2,370
"59","https://www.proff.dk/firma/zp-general-partner-1-aps/s%C3%B8borg/bioteknologi/0LO8H0I0225/","ZP GENERAL PARTNER 1 ApS",2014,NA,0
"60","https://www.proff.dk/firma/proxi-biotech-aps/frederiksberg/bioteknologi/0NQBKBI0225/","PrOxi Biotech ApS",2018,2,337
"61","https://www.proff.dk/firma/2n-pharma-aps/aalborg-%C3%B8st/bioteknologi/0OIEFRI0225/","2N Pharma ApS",2020,9,336
"62","https://www.proff.dk/firma/lica-pharmaceuticals-as/hellerup/bioteknologi/0F2YP4I0225/","LICA PHARMACEUTICALS A/S",2000,NA,326
"63","https://www.proff.dk/firma/vigilare-biotech-aps/vissenbjerg/bioteknologi/0OOW8KI0225/","Vigilare Biotech ApS",2020,NA,325
"64","https://www.proff.dk/firma/pure-algae-denmark-aps/grenaa/bioteknologi/0NP7E5I0225/","Pure Algae Denmark ApS",2018,7,312
"65","https://www.proff.dk/firma/kem-en-tec-development-licensing-as/taastrup/bioteknologi/0CHU3DI0225/","KEM-EN-TEC DEVELOPMENT &amp; LICENSING A/S",1998,NA,310
"66","https://www.proff.dk/firma/epivizor-aps/silkeborg/bioteknologi/0NTC5JI0225/","Epivizor ApS",2018,NA,301
"67","https://www.proff.dk/firma/cell2cure-aps/birker%C3%B8d/bioteknologi/0NGIRBI0225/","Cell2Cure ApS",2018,NA,295
"68","https://www.proff.dk/firma/kj-bio-as/hinnerup/bioteknologi/0O0VVSI0225/","KJ Bio A/S",2019,1,262
"69","https://www.proff.dk/firma/methyl-detect-aps/aalborg-%C3%B8st/bioteknologi/0MTE15I0225/","Methyl Detect ApS",2016,1,256
"70","https://www.proff.dk/firma/smb-innovation-aps/roskilde/bioteknologi/0K5R1DI0225/","SMB INNOVATION ApS",2011,NA,240
"71","https://www.proff.dk/firma/v-biotek-holding-aps/k%C3%B8benhavn-k/bioteknologi/0I69GZI0225/","V-BIOTEK HOLDING ApS",2008,NA,239
"72","https://www.proff.dk/firma/bojesen-and-petersen-biotech-aps/k%C3%B8benhavn-%C3%B8/bioteknologi/0KNJ84I0225/","BOJESEN AND PETERSEN BIOTECH ApS",2012,NA,193
"73","https://www.proff.dk/firma/cph-proteomics-aps/br%C3%B8nsh%C3%B8j/bioteknologi/0MS7KWI0225/","CPH Proteomics ApS",2016,NA,164
"74","https://www.proff.dk/firma/microbial-data-analyses-aps/aarhus-c/bioteknologi/0NY8BWI0225/","Microbial Data Analyses ApS",2019,NA,162
"75","https://www.proff.dk/firma/xy-therapeutics-aps/charlottenlund/bioteknologi/0OHCX5I0225/","XY Therapeutics ApS",2020,2,153
"76","https://www.proff.dk/firma/cobo-scientific-aps/m%C3%A5l%C3%B8v/bioteknologi/0L2M0LI0225/","COBO Scientific ApS",2013,NA,18
"77","https://www.proff.dk/firma/cleardynamic-aps/n%C3%B8rresundby/bioteknologi/0OF70VI0225/","ClearDynamic ApS",2019,NA,11
"78","https://www.proff.dk/firma/ole-ussing-aps/aalborg/bioteknologi/09IVIGI0225/","OLE USSING ApS",1992,1,10
"79","https://www.proff.dk/firma/zp-general-partner-2-aps/s%C3%B8borg/bioteknologi/0LOC34I0225/","ZP GENERAL PARTNER 2 ApS",2014,NA,0
"80","https://www.proff.dk/firma/mct-bioseparation-aps/kongens-lyngby/bioteknologi/0OKJYMI0225/","MCT Bioseparation Aps",2020,NA,4
"81","https://www.proff.dk/firma/snipr-biome-aps/k%C3%B8benhavn-%C3%B8/bioteknologi/0N559PI0225/","SNIPR Biome ApS",2017,46,38908
"82","https://www.proff.dk/firma/afyx-therapeutics-as/k%C3%B8benhavn-s/bioteknologi/0LC64BI0225/","Afyx Therapeutics A/S",2014,3,36231
"83","https://www.proff.dk/firma/the-quality-living-aps/kongens-lyngby/bioteknologi/0IX0E5I0225/","The Quality Living ApS",2008,NA,2
"84","https://www.proff.dk/firma/minervax-aps/k%C3%B8benhavn-n/bioteknologi/0JGAVBI0225/","MINERVAX ApS",2010,12,16782
"85","https://www.proff.dk/firma/renescience-as/fredericia/bioteknologi/0IYL5FI0225/","Renescience A/S",2008,NA,16589
"86","https://www.proff.dk/firma/monta-biosciences-aps/kongens-lyngby/bioteknologi/0LUJLKI0225/","MonTa Biosciences ApS",2015,6,13310
"87","https://www.proff.dk/firma/unibio-as/roskilde/bioteknologi/0FJMT2I0225/","UNIBIO A/S",2001,51,13099
"88","https://www.proff.dk/firma/bioporto-diagnostics-as/hellerup/bioteknologi/0B3N96I0225/","BIOPORTO DIAGNOSTICS A/S",1995,17,10556
"89","https://www.proff.dk/firma/zp-spv-3-ks/s%C3%B8borg/bioteknologi/0OFL5JI0225/","ZP SPV 3 K/S",2019,NA,0
"90","https://www.proff.dk/firma/initiator-pharma-as/k%C3%B8benhavn-n/bioteknologi/0MF9KWI0225/","Initiator Pharma A/S",2016,2,9299
"91","https://www.proff.dk/firma/blusense-diagnostics-aps/k%C3%B8benhavn-%C3%B8/bioteknologi/0LGVG0I0225/","BLUSENSE DIAGNOSTICS APS",2014,52,8577
"92","https://www.proff.dk/firma/vipergen-r-d-iv-ks/k%C3%B8benhavn-v/bioteknologi/0OXDMWI0225/","Vipergen R &amp; D IV K/S",2020,NA,8397
"93","https://www.proff.dk/firma/muna-therapeutics-aps/k%C3%B8benhavn-n/bioteknologi/0OHU1JI0225/","Muna Therapeutics ApS",2020,17,7345
"94","https://www.proff.dk/firma/expres2ion-biotechnologies-aps/h%C3%B8rsholm/bioteknologi/0JIDVBI0225/","EXPRES2ION BIOTECHNOLOGIES ApS",2010,34,7044
"95","https://www.proff.dk/firma/insusense-aps/k%C3%B8benhavn-%C3%B8/bioteknologi/0JKQ9HI0225/","INSUSENSE ApS",2010,NA,6780
"96","https://www.proff.dk/firma/cytoki-pharma-aps/hellerup/bioteknologi/0O62MSI0225/","CytoKi Pharma ApS",2019,3,6040
"97","https://www.proff.dk/firma/stenocare-as/randers-n%C3%B8/bioteknologi/0N8FNLI0225/","STENOCARE A/S",2017,14,5995
"98","https://www.proff.dk/firma/biograil-aps/haslev/bioteknologi/0O7MMJI0225/","Biograil ApS",2019,3,5820
"99","https://www.proff.dk/firma/adcendo-aps/k%C3%B8benhavn-n/bioteknologi/0N36WTI0225/","ADCendo ApS",2017,11,5638
"100","https://www.proff.dk/firma/hyperbio-therapeutics-aps/vejle-%C3%B8st/bioteknologi/0OK0RXI0225/","HyperBio Therapeutics ApS",2020,1,5571
"101","https://www.proff.dk/firma/ovodan-biotech-as/odense-c/bioteknologi/0K5YGGI0225/","Ovodan Biotech A/S",2011,NA,1527
"102","https://www.proff.dk/firma/kariya-pharmaceuticals-aps/k%C3%B8benhavn-n/bioteknologi/0NDPGCI0225/","Kariya Pharmaceuticals ApS",2018,0,1493
"103","https://www.proff.dk/firma/cephagenix-aps/glostrup/bioteknologi/0OIJ7II0225/","Cephagenix ApS",2020,NA,1310
"104","https://www.proff.dk/firma/cobo-technologies-aps/frederiksberg/bioteknologi/0NAP5JI0225/","COBO Technologies Aps",2017,5,1136
"105","https://www.proff.dk/firma/unikum-therapeutics-aps/k%C3%B8benhavn-n/bioteknologi/0OIWNXI0225/","UNIKUM Therapeutics ApS",2020,7,1099
"106","https://www.proff.dk/firma/celvivo-aps/blommenslyst/bioteknologi/0L8JZVI0225/","Celvivo ApS",2014,19,1040
"107","https://www.proff.dk/firma/qur-medical-aps/havdrup/bioteknologi/0HMT87I0225/","QUR Medical ApS",2006,1,962
"108","https://www.proff.dk/firma/ming-yang-wind-power-european-rd-center-aps/roskilde/bioteknologi/0JDOVNI0225/","MING YANG WIND POWER EUROPEAN R&amp;D CENTER ApS",2009,1,910
"109","https://www.proff.dk/firma/w2ge-aps/ish%C3%B8j/bioteknologi/0JFTHRI0225/","W2GE ApS",2009,NA,743
"110","https://www.proff.dk/firma/betamab-aps/humleb%C3%A6k/bioteknologi/0O0KHAI0225/","Betamab ApS",2019,NA,736
"111","https://www.proff.dk/firma/chromologics-aps/s%C3%B8borg/bioteknologi/0N3EIPI0225/","Chromologics ApS",2017,10,729
"112","https://www.proff.dk/firma/stillo-holding-aps/k%C3%B8benhavn-v/bioteknologi/0MY1EFI0225/","Stillo Holding ApS",2017,NA,706
"113","https://www.proff.dk/firma/twelve-bio-aps/k%C3%B8benhavn-n/bioteknologi/0OAKSZI0225/","Twelve Bio ApS",2019,11,0
"114","https://www.proff.dk/firma/freeofstrain-aps/h%C3%B8rsholm/bioteknologi/0OW8YKI0225/","FreeOfStrain ApS",2020,NA,616
"115","https://www.proff.dk/firma/biovice-systems-aps/hadsund/bioteknologi/0OFIGKI0225/","Biovice Systems ApS",2019,1,459
"116","https://www.proff.dk/firma/glycospot-aps/s%C3%B8borg/bioteknologi/0LQ2AWI0225/","GlycoSpot ApS",2014,17,435
"117","https://www.proff.dk/firma/genetelligence-aps/h%C3%B8rsholm/bioteknologi/0MFE5PI0225/","GeneTelligence ApS",2016,2,413
"118","https://www.proff.dk/firma/glycodisplay-aps/k%C3%B8benhavn-n/bioteknologi/0MR5NVI0225/","GlycoDisplay ApS",2016,1,390
"119","https://www.proff.dk/firma/biostrip-aps/risskov/bioteknologi/0M5SKWI0225/","Biostrip ApS",2015,4,379
"120","https://www.proff.dk/firma/ibus-innovation-as/%C3%A5lsg%C3%A5rde/bioteknologi/0HQ2G3I0225/","IBUS INNOVATION A/S",2006,1,375
"121","https://www.proff.dk/firma/zp-general-partner-3-aps/s%C3%B8borg/bioteknologi/0OF9VII0225/","ZP General Partner 3 ApS",2019,NA,0
"122","https://www.proff.dk/firma/enkam-pharmaceuticals-aps/k%C3%B8benhavn-%C3%B8/bioteknologi/0FD9DLI0225/","ENKAM PHARMACEUTICALS ApS",2000,NA,276
"123","https://www.proff.dk/firma/ceremedy-aps/k%C3%B8benhavn-%C3%B8/bioteknologi/0NP040I0225/","Ceremedy ApS",2018,NA,275
"124","https://www.proff.dk/firma/valinor-aps/k%C3%B8benhavn-k/bioteknologi/0ND9FSI0225/","Valinor Aps",2018,2,234
"125","https://www.proff.dk/firma/tissue-link-aps/ringsted/bioteknologi/0O6XDNI0225/","Tissue-Link ApS",2019,NA,214
"126","https://www.proff.dk/firma/vendler-aps/hellerup/bioteknologi/0K5YIXI0225/","VENDLER ApS",2011,1,42
"127","https://www.proff.dk/firma/detalo-instruments-aps/birker%C3%B8d/bioteknologi/0MTJ2EI0225/","Detalo Instruments Aps",2017,NA,41
"128","https://www.proff.dk/firma/affycon-aps/risskov/bioteknologi/0M23SYI0225/","Affycon ApS",2015,NA,39
"129","https://www.proff.dk/firma/migalis-aps/vedb%C3%A6k/bioteknologi/0OJVNFI0225/","Migalis ApS",2020,NA,33
"130","https://www.proff.dk/firma/noa-sic-aps/egernsund/bioteknologi/0JVA4NI0225/","NOA SIC ApS",2010,NA,32
"131","https://www.proff.dk/firma/bio-medical-consult-holding-aps/aalborg/bioteknologi/0J7GDJI0225/","BIO-MEDICAL CONSULT HOLDING ApS",2009,NA,30
"132","https://www.proff.dk/firma/bioroots-aps/gilleleje/bioteknologi/0MEPU2I0225/","BIOROOTS ApS",2016,NA,27
"133","https://www.proff.dk/firma/argo-biotech-aps/kongens-lyngby/bioteknologi/0OHN5DI0225/","Argo Biotech ApS",2020,NA,27
"134","https://www.proff.dk/firma/loxigen-aps/klampenborg/bioteknologi/0OJ4A1I0225/","LOXiGen ApS",2020,NA,25
"135","https://www.proff.dk/firma/endogen-aps/risskov/bioteknologi/0HR049I0225/","ENDOGEN ApS",2008,NA,23
"136","https://www.proff.dk/firma/como-holding-aps/aarhus-n/bioteknologi/0F6Q10I0225/","COMO HOLDING ApS",2000,NA,22
"137","https://www.proff.dk/firma/zocca-consulting-aps/k%C3%B8benhavn-k/bioteknologi/0LOOTYI0225/","ZOCCA CONSULTING ApS",2014,NA,22
"138","https://www.proff.dk/firma/stig-g%C3%BCnther-aps/frederikssund/bioteknologi/0H98ITI0225/","STIG GÜNTHER ApS",2005,1,21
"139","https://www.proff.dk/firma/endeavour-cells-aps/fredericia/bioteknologi/0M69OFI0225/","Endeavour Cells ApS",2015,NA,0
"140","https://www.proff.dk/firma/boost-pharma-aps/k%C3%B8benhavn-n/bioteknologi/0OHCRZI0225/","BOOST Pharma ApS",2020,3,21
"141","https://www.proff.dk/firma/snipr-holdings-aps/k%C3%B8benhavn-%C3%B8/bioteknologi/0N4MMOI0225/","SNIPR Holdings ApS",2017,NA,20
"142","https://www.proff.dk/firma/cumulus-bio-aps/hvidovre/bioteknologi/0KL47CI0225/","CUMULUS BIO ApS",2012,NA,18
"143","https://www.proff.dk/firma/noz-aps/solr%C3%B8d-strand/bioteknologi/0L2TV9I0225/","NOZ ApS",2013,NA,17
"144","https://www.proff.dk/firma/pnn-memocore-aps/kvistg%C3%A5rd/bioteknologi/0J3YGCI0225/","PNN MEMOCORE ApS",2009,NA,16
"145","https://www.proff.dk/firma/redl-holding-aps/k%C3%B8benhavn-n/bioteknologi/0OHQEDI0225/","Redl Holding ApS",2020,NA,15
"146","https://www.proff.dk/firma/unibio-usa-aps/roskilde/bioteknologi/0MQBR9I0225/","Unibio USA ApS",2016,NA,14
"147","https://www.proff.dk/firma/viru-aps/havdrup/bioteknologi/0IZMTEI0225/","VIRU ApS",2008,NA,12
"148","https://www.proff.dk/firma/pn-investment-aps/k%C3%B8benhavn-k/bioteknologi/0K5R9RI0225/","PN INVESTMENT ApS",2011,NA,12
"149","https://www.proff.dk/firma/simon-glerup-holding-aps/risskov/bioteknologi/0MY67MI0225/","Simon Glerup Holding ApS",2017,NA,12
"150","https://www.proff.dk/firma/joachim-vilstrup-holding-aps/aarhus-c/bioteknologi/0NS4EVI0225/","Joachim Vilstrup Holding ApS",2018,NA,12
"151","https://www.proff.dk/firma/bee-patch-usa-aps/lejre/bioteknologi/0OLJG8I0225/","Bee-Patch USA ApS",2020,NA,5
"152","https://www.proff.dk/firma/bioligands-aps/odense-sv/bioteknologi/0FU73AI0225/","BIOLIGANDS ApS",2002,NA,4
"153","https://www.proff.dk/firma/fey-holding-aps/blommenslyst/bioteknologi/0HKY3DI0225/","FEY HOLDING ApS",2006,NA,4
"154","https://www.proff.dk/firma/astim-holding-aps/virum/bioteknologi/0N9DS3I0225/","ASTIM Holding ApS",2017,NA,4
"155","https://www.proff.dk/firma/t.%C3%B8.-holding-aps/esperg%C3%A6rde/bioteknologi/0N9DU8I0225/","T.Ø. Holding ApS",2017,NA,4
"156","https://www.proff.dk/firma/devopharma-aps/charlottenlund/bioteknologi/0N783II0225/","Devopharma ApS",2017,NA,3
"157","https://www.proff.dk/firma/safe-implant-technology-aps/charlottenlund/bioteknologi/0N78SHI0225/","Safe Implant Technology ApS",2017,NA,3
"158","https://www.proff.dk/firma/caba-aps/charlottenlund/bioteknologi/0NMQEPI0225/","CABA APS",2018,NA,3
"159","https://www.proff.dk/firma/enduro-genetics-aps/k%C3%B8benhavn-n/bioteknologi/0ODXAPI0225/","Enduro Genetics ApS",2019,7,2
"160","https://www.proff.dk/firma/pulmopharma-aps/ebeltoft/bioteknologi/0LOS1JI0225/","PULMOPHARMA ApS",2014,NA,1
"161","https://www.proff.dk/firma/sdc-sensor-aps/risskov/bioteknologi/0LRBNBI0225/","SDC SENSOR ApS",2015,NA,1
"162","https://www.proff.dk/firma/asr%C3%B8-holding-aps/n%C3%A6rum/bioteknologi/0N0OGOI0225/","ASRØ Holding ApS",2017,NA,1
"163","https://www.proff.dk/firma/ptl-health-aps/v%C3%A6rl%C3%B8se/bioteknologi/0NISCYI0225/","PTL Health ApS",2018,NA,1
"164","https://www.proff.dk/firma/origio-as/m%C3%A5l%C3%B8v/bioteknologi/GJGXRSI0225/","Origio A/S",1987,131,185823
"165","https://www.proff.dk/firma/ferring-pharmaceuticals-as/k%C3%B8benhavn-s/bioteknologi/GK0KAKI0225/","Ferring Pharmaceuticals A/S",1992,537,1051468
"166","https://www.proff.dk/firma/landbrug-f%C3%B8devarer-f.m.b.a/k%C3%B8benhavn-v/bioteknologi/GL54ZWI0225/","Landbrug &amp; Fødevarer F.m.b.a",1983,505,589000
"167","https://www.proff.dk/firma/kr%C3%A6ftens-bek%C3%A6mpelse/k%C3%B8benhavn-%C3%B8/bioteknologi/GL83KMI0225/","Kræftens Bekæmpelse",0,0,0
"168","https://www.proff.dk/firma/symphogen-as/ballerup/bioteknologi/GNQWXRI0225/","Symphogen A/S",2000,133,39
"169","https://www.proff.dk/firma/enkam-pharmaceuticals-aps-under-konkurs/k%C3%B8benhavn-%C3%B8/bioteknologi/GO8J88I0225/","Enkam Pharmaceuticals ApS  Under Konkurs",2000,NA,276
"170","https://www.proff.dk/firma/evolva-biotech-as-i-likvidation/k%C3%B8benhavn-%C3%B8/bioteknologi/GO9MMAI0225/","Evolva Biotech A/S  I Likvidation",2000,NA,116
"171","https://www.proff.dk/firma/nuevolution-as/k%C3%B8benhavn-%C3%B8/bioteknologi/GOB8GBI0225/","Nuevolution A/S",2001,69,39
"172","https://www.proff.dk/firma/carlsberg-forskningscenter/k%C3%B8benhavn-v/bioteknologi/GOBIDGI0225/","Carlsberg Forskningscenter",2001,94,0
"173","https://www.proff.dk/firma/unibio-as/roskilde/bioteknologi/GOG5TPI0225/","Unibio A/S",2001,28,13099
"174","https://www.proff.dk/firma/sanos-as/herlev/bioteknologi/GPHVZHI0225/","Sanos A/S",2003,NA,5847
"175","https://www.proff.dk/firma/quantibact-as/h%C3%B8rsholm/bioteknologi/GPJZK9I0225/","Quantibact A/S",2004,1,526
"176","https://www.proff.dk/firma/grundfos-biobooster-as-%C3%B82/bjerringbro/bioteknologi/GW10LRI0225/","Grundfos Biobooster A/S - Ø2",2016,NA,5405
"177","https://www.proff.dk/firma/stemform-as/s%C3%B8borg/bioteknologi/GW3OR1I0225/","Stemform A/S",2016,11,3793
"178","https://www.proff.dk/firma/perfect-stevia-aps-under-konkurs/aarhus-n/bioteknologi/GW5H4ZI0225/","Perfect Stevia ApS  Under Konkurs",2016,NA,0
"179","https://www.proff.dk/firma/idun-genomics-ivs-under-tvangsopl%C3%B8sning/aller%C3%B8d/bioteknologi/GWBIINI0225/","Idun Genomics IVS  Under Tvangsopløsning",2016,NA,0
"180","https://www.proff.dk/firma/civi-biopharma-as/k%C3%B8benhavn-%C3%B8/bioteknologi/GWC4KOI0225/","Civi Biopharma A/S",2016,NA,4485
"181","https://www.proff.dk/firma/ljos-ivs-under-tvangsopl%C3%B8sning/veks%C3%B8-sj%C3%A6lland/bioteknologi/GWE0UCI0225/","Ljos IVS  Under Tvangsopløsning",2016,NA,0
"182","https://www.proff.dk/firma/unibio-as/kalundborg/bioteknologi/GWIL0JI0225/","Unibio A/S",2016,20,13099
"183","https://www.proff.dk/firma/draupnir-bio-aps/k%C3%B8benhavn-n/bioteknologi/GWO7VVI0225/","Draupnir Bio ApS",2017,3,39
"184","https://www.proff.dk/firma/civi-biopharma-as/h%C3%B8rsholm/bioteknologi/GWP42WI0225/","Civi Biopharma A/S",2017,1,4485
"185","https://www.proff.dk/firma/snipr-biome-aps/k%C3%B8benhavn-%C3%B8/bioteknologi/GWXEW1I0225/","Snipr Biome ApS",2017,NA,38908
"186","https://www.proff.dk/firma/consibio-aps/risskov/bioteknologi/GWXSJDI0225/","Consibio ApS",2017,NA,978
"187","https://www.proff.dk/firma/biobrandaware/rungsted-kyst/bioteknologi/GX2TDRI0225/","Biobrandaware",0,0,0
"188","https://www.proff.dk/firma/immunaware-aps/h%C3%B8rsholm/bioteknologi/GX64JSI0225/","Immunaware ApS",2017,2,2395
"189","https://www.proff.dk/firma/biomodics-aps/r%C3%B8dovre/bioteknologi/GXBFYEI0225/","Biomodics ApS",2017,2,1916
"190","https://www.proff.dk/firma/methyl-detect-aarhus/aarhus-c/bioteknologi/GXD2Y4I0225/","Methyl Detect, Aarhus",2018,NA,256
"191","https://www.proff.dk/firma/qiagen-aarhus-as/vedb%C3%A6k/bioteknologi/GXDK70I0225/","Qiagen Aarhus A/S",2018,6,39485
"192","https://www.proff.dk/firma/biogenity-aps/aalborg-%C3%B8st/bioteknologi/GXGKWJI0225/","Biogenity ApS",2018,NA,97
"193","https://www.proff.dk/firma/omicsdriven-ivs-under-tvangsopl%C3%B8sning/t%C3%B8ll%C3%B8se/bioteknologi/GXHXA9I0225/","Omicsdriven IVS  Under Tvangsopløsning",2018,NA,39
"194","https://www.proff.dk/firma/stipe-therapeutics-aps/aarhus-c/bioteknologi/GXIN9BI0225/","Stipe Therapeutics ApS",2018,2,0
"195","https://www.proff.dk/firma/the-froglet-ivs-under-konkurs/aalborg/bioteknologi/GXJF17I0225/","The Froglet IVS  Under Konkurs",0,0,0
"196","https://www.proff.dk/firma/pure-algae-denmark-aps/grenaa/bioteknologi/GXLJLGI0225/","Pure Algae Denmark ApS",2018,7,312
"197","https://www.proff.dk/firma/oncostress-therapeutics-ivs-under-tvangsopl%C3%B8sning/k%C3%B8benhavn-s/bioteknologi/GXP05HI0225/","Oncostress Therapeutics IVS  Under Tvangsopløsning",2018,NA,0
"198","https://www.proff.dk/firma/qlife-aps/ballerup/bioteknologi/GXPO5DI0225/","Qlife ApS",2018,NA,3732
"199","https://www.proff.dk/firma/riid-ivs-under-tvangsopl%C3%B8sning/helleb%C3%A6k/bioteknologi/GXPV0VI0225/","Riid IVS  Under Tvangsopløsning",2018,NA,9
"200","https://www.proff.dk/firma/karby-invest-2018-aps-under-tvangsopl%C3%B8sning/karby/bioteknologi/GXU6OUI0225/","Karby Invest 2018 ApS  Under Tvangsopløsning",2018,NA,39
"201","https://www.proff.dk/firma/pentabase-herlev/herlev/bioteknologi/GZ4RDPI0225/","Pentabase Herlev",2020,31,199224
"202","https://www.proff.dk/firma/pentabase-aalborg/n%C3%B8rresundby/bioteknologi/GZ4RFQI0225/","Pentabase Aalborg",2020,12,199224
"203","https://www.proff.dk/firma/pentabase-as/odense-c/bioteknologi/GZ4RJMI0225/","Pentabase A/S",2020,97,199224
"204","https://www.proff.dk/firma/eurofins-genomics-europe-genotyping-as/aarhus-n/bioteknologi/GZ6Q3AI0225/","Eurofins Genomics Europe Genotyping A/S",2020,33,40932
"205","https://www.proff.dk/firma/eurofins-genomics-europe-genotyping-as/kastrup/bioteknologi/GZ727MI0225/","Eurofins Genomics Europe Genotyping A/S",2020,19,40932
"206","https://www.proff.dk/firma/eurofins-safer-at-work/vejen/bioteknologi/GZG2SVI0225/","Eurofins Safer At Work",2021,3,72
"207","https://www.proff.dk/firma/draupnir-bio-aps/aarhus-n/bioteknologi/GZGYDXI0225/","Draupnir Bio ApS",2021,14,39
"208","https://www.proff.dk/firma/forskningsenhed-i-%C3%A5rhus-%C3%A5rhus-universitet/aarhus-c/bioteknologi/GZH8NHI0225/","Forskningsenhed I Århus, Århus Universitet",2021,1,0
"209","https://www.proff.dk/firma/ferring-pharmaceuticals-as/kastrup/bioteknologi/GZHZ1YI0225/","Ferring Pharmaceuticals A/S",2021,NA,1051468
"210","https://www.proff.dk/firma/celvivo-aps-odder/odder/bioteknologi/GZKUD5I0225/","Celvivo ApS - Odder",2021,1,1040
"211","https://www.proff.dk/firma/muna-therapeutics-aps/aarhus-c/bioteknologi/GZL9FUI0225/","Muna Therapeutics ApS",2021,8,7345
"212","https://www.proff.dk/firma/b1/aarhus-c/bioteknologi/GZN2RLI0225/","B1",2021,9,0
"213","https://www.proff.dk/firma/lab-barto/aarhus-c/bioteknologi/GZN2RTI0225/","Lab Barto",2021,NA,0
"214","https://www.proff.dk/firma/pentabase-billund-lufthavn/billund/bioteknologi/GZP28VI0225/","Pentabase Billund Lufthavn",2021,NA,199224
"215","https://www.proff.dk/firma/pentabase-esbjerg-lufthavn/esbjerg-%C3%B8/bioteknologi/GZP29HI0225/","Pentabase Esbjerg Lufthavn",2021,NA,199224
"216","https://www.proff.dk/firma/pentabase-%C3%A5lborg-lufthavn/n%C3%B8rresundby/bioteknologi/GZS391I0225/","Pentabase Ålborg Lufthavn",2021,NA,199224
"217","https://www.proff.dk/firma/pentabase-kastrup-lufthavn/kastrup/bioteknologi/GZSXIXI0225/","Pentabase Kastrup Lufthavn",2021,NA,199224
"218","https://www.proff.dk/firma/vitrolife-as/viby-j/bioteknologi/GZWBBBI0225/","Vitrolife A/S",2021,NA,130352
"219","https://www.proff.dk/firma/nuevolution-as/k%C3%B8benhavn-%C3%B8/bioteknologi/GZWS42I0225/","Nuevolution A/S",2021,NA,39
"220","https://www.proff.dk/firma/hovedkontor/grenaa/bioteknologi/GZXILAI0225/","Hovedkontor",2021,NA,312
"221","https://www.proff.dk/firma/seges-innovation-ps/aarhus-n/bioteknologi/GZXQ2QI0225/","Seges Innovation P/S",0,0,0
"222","https://www.proff.dk/firma/biophero/fredericia/bioteknologi/GZYLKUI0225/","Biophero",2022,NA,1600
"223","https://www.proff.dk/firma/sundew-aps/s%C3%B8borg/bioteknologi/GZZ3GQI0225/","Sundew ApS",2021,NA,39
"224","https://www.proff.dk/firma/axeltorv-3/k%C3%B8benhavn-v/bioteknologi/GZZ4Y4I0225/","Axeltorv 3",0,0,0
"225","https://www.proff.dk/firma/gr%C3%B8nh%C3%B8j-skivevej-112/karup-j/bioteknologi/GZZ4YCI0225/","Grønhøj Skivevej 112",0,0,0
"226","https://www.proff.dk/firma/bendixen-medical-writing-vhanne-bendixen/k%C3%B8benhavn-%C3%B8/bioteknologi/0IUQV5I0225/","Bendixen Medical Writing v/Hanne Bendixen",0,0,0
"227","https://www.proff.dk/firma/clinpharmaresearch/r%C3%B8m%C3%B8/bioteknologi/0IUSOWI0225/","ClinPharmaResearch",0,0,0
"228","https://www.proff.dk/firma/helm-consult-vhelena-mejer/frederiksberg-c/bioteknologi/0IVXYAI0225/","Helm Consult v/Helena Mejer",0,0,0
"229","https://www.proff.dk/firma/lifescience-consulting-vmorten-heide/kgs.lyngby/bioteknologi/0IWBV7I0225/","Lifescience Consulting v/Morten Heide",0,0,0
"230","https://www.proff.dk/firma/aadalbiotech-aps/ringsted/bioteknologi/0IWPX0I0225/","AADALBIOTECH ApS",2008,NA,39
"231","https://www.proff.dk/firma/evaxion-biotech-as/h%C3%B8rsholm/bioteknologi/0IWSDRI0225/","EVAXION BIOTECH A/S",2008,70,39
"232","https://www.proff.dk/firma/el-medical-consulting-v-ewa-malgorzata-lindenstr%C3%B8m/v%C3%A6rl%C3%B8se/bioteknologi/0IZRUMI0225/","EL Medical Consulting v/ Ewa Malgorzata Lindenstrøm",0,0,0
"233","https://www.proff.dk/firma/prepchrom-vj%C3%B8rgen-malthe-mollerup/klampenborg/bioteknologi/0J1GQ2I0225/","Prepchrom v/Jørgen Malthe Mollerup",0,0,0
"234","https://www.proff.dk/firma/orphazyme-as/k%C3%B8benhavn-n/bioteknologi/0J7KVNI0225/","ORPHAZYME A/S",2009,56,0
"235","https://www.proff.dk/firma/caballus-biotech-vcharlotte-dyring/rungsted-kyst/bioteknologi/0JCO8HI0225/","Caballus Biotech v/Charlotte Dyring",0,0,0
"236","https://www.proff.dk/firma/dalides/roskilde/bioteknologi/0JKOFII0225/","Dalides",0,0,0
"237","https://www.proff.dk/firma/foreningen-for-stigbilledforskning/galten/bioteknologi/0JMF07I0225/","Foreningen for Stigbilledforskning",0,0,0
"238","https://www.proff.dk/firma/speciall%C3%A6ge-jens-ravn-eriksen/roskilde/bioteknologi/0JQZHHI0225/","Speciallæge Jens Ravn Eriksen",0,0,0
"239","https://www.proff.dk/firma/bredgaard-research-vthomas-bredgaard/aalborg/bioteknologi/0JR443I0225/","Bredgaard Research v/Thomas Bredgaard",0,0,0
"240","https://www.proff.dk/firma/nordkild-life-science-consulting-vpeter-nordkild/k%C3%B8benhavn-k/bioteknologi/0JRP5ZI0225/","Nordkild life science consulting v/Peter Nordkild",0,0,0
"241","https://www.proff.dk/firma/encephalon/kongens-lyngby/bioteknologi/0JYUFKI0225/","Encephalon",0,0,0
"242","https://www.proff.dk/firma/biosim-consult-vmorten-colding-j%C3%B8rgensen/gentofte/bioteknologi/0K21ANI0225/","BioSim Consult v/Morten Colding-Jørgensen",0,0,0
"243","https://www.proff.dk/firma/aktieselskabet-af-1.-juni-2011-ii/hellerup/bioteknologi/0K3FEDI0225/","Aktieselskabet af 1. juni 2011 II",2011,NA,0
"244","https://www.proff.dk/firma/onconox-aps/greve/bioteknologi/0K5PQTI0225/","ONCONOX ApS",2011,NA,39
"245","https://www.proff.dk/firma/union-therapeutics-as/hellerup/bioteknologi/0K7YLII0225/","UNION therapeutics A/S",2011,35,39
"246","https://www.proff.dk/firma/gaudeo-ik-vjoan-campbell-tofte/gentofte/bioteknologi/0K8L2YI0225/","GAUDEO-IK v/Joan Campbell-Tofte",0,0,0
"247","https://www.proff.dk/firma/biolytics-pharma/birker%C3%B8d/bioteknologi/0K9LYZI0225/","Biolytics Pharma",0,0,0
"248","https://www.proff.dk/firma/pharmatronics/s%C3%B8borg/bioteknologi/0KFMU8I0225/","Pharmatronics",0,0,0
"249","https://www.proff.dk/firma/sk-pharma-consulting/holte/bioteknologi/0KFVWHI0225/","SK Pharma Consulting",0,0,0
"250","https://www.proff.dk/firma/l-hartvig/h%C3%B8rsholm/bioteknologi/0KJANVI0225/","L Hartvig",0,0,0
"251","https://www.proff.dk/firma/bluebird-bio-netherlands-b.v./k%C3%B8benhavn-%C3%B8/bioteknologi/0M1AQQI0225/","bluebird bio (Netherlands) B.V.",0,0,0
"252","https://www.proff.dk/firma/nordiskt-genresurscenter/slagelse/bioteknologi/0M1FANI0225/","Nordiskt Genresurscenter",0,0,0
"253","https://www.proff.dk/firma/ares-genetics-gmbh/malling/bioteknologi/0M1FLAI0225/","Ares Genetics GmbH",0,0,0
"254","https://www.proff.dk/firma/innova/kbh-n/bioteknologi/0M51UOI0225/","Innova",0,0,0
"255","https://www.proff.dk/firma/tychobio-ivs/k%C3%B8benhavn-%C3%B8/bioteknologi/0M5KE9I0225/","TychoBio IVS",2015,NA,0
"256","https://www.proff.dk/firma/copentest/k%C3%B8benhavn-sv/bioteknologi/0M8PY4I0225/","Copentest",0,0,0
"257","https://www.proff.dk/firma/scientific-innovation-management/rungsted-kyst/bioteknologi/0M91PKI0225/","Scientific Innovation Management",0,0,0
"258","https://www.proff.dk/firma/ultivue-emea-srl/k%C3%B8benhavn-%C3%B8/bioteknologi/0MGGVZI0225/","Ultivue EMEA SRL",0,0,0
"259","https://www.proff.dk/firma/oxford-immunotec-limited/s%C3%B8borg/bioteknologi/0MGHCMI0225/","Oxford Immunotec Limited",0,0,0
"260","https://www.proff.dk/firma/timeline-bioresearch-ab/k%C3%B8benhavn-%C3%B8/bioteknologi/0MGHLOI0225/","Timeline Bioresearch AB",0,0,0
"261","https://www.proff.dk/firma/olink-proteomics-ab/kongens-lyngby/bioteknologi/0MGI1LI0225/","Olink Proteomics AB",0,0,0
"262","https://www.proff.dk/firma/proscion-aps/herlev/bioteknologi/0MH02AI0225/","ProScion ApS",2016,NA,39
"263","https://www.proff.dk/firma/perfect-stevia-aps/aarhus-n/bioteknologi/0MH9LSI0225/","Perfect Stevia ApS",2016,NA,0
"264","https://www.proff.dk/firma/dansk-bioindustri-aps/%C3%A5byh%C3%B8j/bioteknologi/0MHB57I0225/","Dansk Bioindustri ApS",2016,NA,39
"265","https://www.proff.dk/firma/biogredient-ii-aps/hinnerup/bioteknologi/0MHBL8I0225/","BioGredient II ApS",2016,NA,39
"266","https://www.proff.dk/firma/biologyc/holte/bioteknologi/0MHKN5I0225/","BiologyC",0,0,0
"267","https://www.proff.dk/firma/finntech/faaborg/bioteknologi/0MHNOMI0225/","FinnTech",0,0,0
"268","https://www.proff.dk/firma/resother-pharma-aps/holte/bioteknologi/0MJB3QI0225/","ResoTher Pharma ApS",2016,4,39
"269","https://www.proff.dk/firma/dellavalle/k%C3%B8benhavn-v/bioteknologi/0MM8HFI0225/","DellaValle",0,0,0
"270","https://www.proff.dk/firma/idun-genomics-ivs/aller%C3%B8d/bioteknologi/0MMJMTI0225/","Idun Genomics IVS",2016,NA,0
"271","https://www.proff.dk/firma/ljos-ivs/veks%C3%B8-sj%C3%A6lland/bioteknologi/0MP6W1I0225/","LJOS IVS",2016,NA,0
"272","https://www.proff.dk/firma/larsen-capital-holding-aps/aarhus-c/bioteknologi/0MPCN5I0225/","Larsen Capital Holding ApS",2016,NA,0
"273","https://www.proff.dk/firma/diagnostic-designs-ivs/holte/bioteknologi/0MPHLCI0225/","Diagnostic Designs IVS",2016,NA,0
"274","https://www.proff.dk/firma/sumer/aalborg-sv/bioteknologi/0MTVXQI0225/","Sumer",0,0,0
"275","https://www.proff.dk/firma/bornspire/k%C3%B8benhavn-n/bioteknologi/0MTYXSI0225/","Bornspire",0,0,0
"276","https://www.proff.dk/firma/rab%C3%B8l-research-vhelle-rab%C3%B8l-hansen/k%C3%B8benhavn-k/bioteknologi/0NQ3YSI0225/","rabøl research v/Helle Rabøl Hansen",0,0,0
"277","https://www.proff.dk/firma/mfstat/trige/bioteknologi/0NRRNXI0225/","MFStat",0,0,0
"278","https://www.proff.dk/firma/oncostress-therapeutics-ivs/k%C3%B8benhavn-s/bioteknologi/0NS9XXI0225/","Oncostress Therapeutics IVS",2018,NA,0
"279","https://www.proff.dk/firma/gaiazin/gjerlev-j/bioteknologi/0NTV7II0225/","GaiaZin",0,0,0
"280","https://www.proff.dk/firma/toft-ifo/gentofte/bioteknologi/0NTWJFI0225/","Toft IFO",0,0,0
"281","https://www.proff.dk/firma/antibody-technologies/virum/bioteknologi/0NW3DXI0225/","Antibody Technologies",0,0,0
"282","https://www.proff.dk/firma/karby-invest-2018-aps/karby/bioteknologi/0NWUGMI0225/","Karby Invest 2018 ApS",2018,NA,39
"283","https://www.proff.dk/firma/astra-biotech/k%C3%B8benhavn-%C3%B8/bioteknologi/0NZJZWI0225/","Astra Biotech",0,0,0
"284","https://www.proff.dk/firma/oh-stat/k%C3%B8benhavn-n/bioteknologi/0O0TA7I0225/","OH Stat",0,0,0
"285","https://www.proff.dk/firma/eyevi-ivs/vanl%C3%B8se/bioteknologi/0O1DZEI0225/","eyevi IVS",0,0,0
"286","https://www.proff.dk/firma/jwsen/taastrup/bioteknologi/0O1RSNI0225/","JWSEN",0,0,0
"287","https://www.proff.dk/firma/otzen-consultancy/aarhus-v/bioteknologi/0O1SNZI0225/","Otzen Consultancy",0,0,0
"288","https://www.proff.dk/firma/inscripta-inc./k%C3%B8benhavn-n/bioteknologi/0O36PSI0225/","Inscripta Inc.",0,0,0
"289","https://www.proff.dk/firma/chip-diagnostics-aps/ballerup/bioteknologi/0O4PIVI0225/","Chip Diagnostics ApS",2019,NA,39
"290","https://www.proff.dk/firma/pain-consulting-v-kristian-kj%C3%A6r-petersen/klarup/bioteknologi/0O4YADI0225/","Pain Consulting /v Kristian Kjær Petersen",0,0,0
"291","https://www.proff.dk/firma/tanggro/nyk%C3%B8bing-sj/bioteknologi/0O6CEVI0225/","TangGro",0,0,0
"292","https://www.proff.dk/firma/ponics-systems-danmark/frederiksv%C3%A6rk/bioteknologi/0O6L8KI0225/","Ponics Systems Danmark",0,0,0
"293","https://www.proff.dk/firma/mn-biotech-consulting/drag%C3%B8r/bioteknologi/0O7YJNI0225/","MN Biotech Consulting",0,0,0
"294","https://www.proff.dk/firma/pharma-lab-cro-aps/hvidovre/bioteknologi/0O8YZ8I0225/","Pharma Lab CRO ApS",2019,1,39
"295","https://www.proff.dk/firma/pmomics/sk%C3%B8rping/bioteknologi/0OAGHMI0225/","PMomics",0,0,0
"296","https://www.proff.dk/firma/union-therapeutics-research-services-aps/hellerup/bioteknologi/0OAMYII0225/","UNION therapeutics Research Services ApS",2019,1,0
"297","https://www.proff.dk/firma/symic-oa-aps/herlev/bioteknologi/0OBIVGI0225/","Symic OA ApS",2019,NA,39
"298","https://www.proff.dk/firma/marie-skovgaard-consulting/frederiksberg/bioteknologi/0OBL6LI0225/","Marie Skovgaard Consulting",0,0,0
"299","https://www.proff.dk/firma/hjortsh%C3%B8j-m%C3%B8ller-care/aarhus-n/bioteknologi/0OC6AFI0225/","Hjortshøj &amp; Møller Care",0,0,0
"300","https://www.proff.dk/firma/calpro-as/herlev/bioteknologi/0ODHTXI0225/","Calpro AS",0,0,0
"301","https://www.proff.dk/firma/iobio/k%C3%B8benhavn-n/bioteknologi/0OQFUWI0225/","iobio",0,0,0
"302","https://www.proff.dk/firma/dragonfly-therapeutics-cph-aps/ballerup/bioteknologi/0OQQBQI0225/","Dragonfly Therapeutics CPH ApS",0,0,0
"303","https://www.proff.dk/firma/nykjaer-consult/risskov/bioteknologi/0OQUYUI0225/","Nykjaer Consult",0,0,0
"304","https://www.proff.dk/firma/bioclinica-aps/k%C3%B8benhavn-v/bioteknologi/0ORFRVI0225/","BioClinica ApS",0,0,0
"305","https://www.proff.dk/firma/entomass-development-aps/l%C3%B8kken/bioteknologi/0ORQUEI0225/","EntoMass Development ApS",0,0,0
"306","https://www.proff.dk/firma/vicore-pharma-ab/herlev/bioteknologi/0OS3U1I0225/","Vicore Pharma AB",0,0,0
"307","https://www.proff.dk/firma/l-p-haahr/farum/bioteknologi/0OSDLII0225/","L-P Haahr",0,0,0
"308","https://www.proff.dk/firma/happydiamond/horsens/bioteknologi/0OTIX3I0225/","HAPPYDIAMOND",0,0,0
"309","https://www.proff.dk/firma/neumirna-therapeutics-aps/k%C3%B8benhavn-sv/bioteknologi/0OTP6RI0225/","Neumirna Therapeutics ApS",0,0,0
"310","https://www.proff.dk/firma/sjoestroem/k%C3%B8benhavn-k/bioteknologi/0OU6API0225/","Sjoestroem",0,0,0
"311","https://www.proff.dk/firma/regold-aps/fars%C3%B8/bioteknologi/0OU6AXI0225/","ReGold ApS",0,0,0
"312","https://www.proff.dk/firma/faupnir-holding-aps/risskov/bioteknologi/0OUAHKI0225/","Faupnir Holding ApS",0,0,0
"313","https://www.proff.dk/firma/cilcare-aps/k%C3%B8benhavn-n/bioteknologi/0OUK1PI0225/","CILcare ApS",0,0,0
"314","https://www.proff.dk/firma/eo-assay-consult/ballerup/bioteknologi/0OVNVQI0225/","EO Assay Consult",0,0,0
"315","https://www.proff.dk/firma/bp-life-science-biopharmaceutical-consulting/kalundborg/bioteknologi/0OVPO1I0225/","BP Life Science &amp; BioPharmaceutical Consulting",0,0,0
"316","https://www.proff.dk/firma/kesmalea-therapeutics-aps/k%C3%B8benhavn-n/bioteknologi/0OW0K9I0225/","Kesmalea Therapeutics ApS",0,0,0
"317","https://www.proff.dk/firma/artsmedia-denmark-aps/virum/bioteknologi/0OW3WTI0225/","ARTSMedia Denmark ApS",0,0,0
"318","https://www.proff.dk/firma/cannabis-pharm-aps/randers-s%C3%B8/bioteknologi/0OW5S5I0225/","Cannabis Pharm ApS",0,0,0
"319","https://www.proff.dk/firma/tidedisc-biotech-aps/k%C3%B8benhavn-%C3%B8/bioteknologi/0OWC0CI0225/","TideDisc Biotech ApS",0,0,0
"320","https://www.proff.dk/firma/duvold-consulting-vtore-duvold/drag%C3%B8r/bioteknologi/0OWFA9I0225/","Duvold Consulting v/Tore Duvold",0,0,0
"321","https://www.proff.dk/firma/sokol-biotech-consult/horsens/bioteknologi/0OWK3UI0225/","Sokol Biotech Consult",0,0,0
"322","https://www.proff.dk/firma/green-biolab-aps/drag%C3%B8r/bioteknologi/0OWZGQI0225/","Green Biolab ApS",0,0,0
"323","https://www.proff.dk/firma/gigavax-aps/holte/bioteknologi/0OX3WNI0225/","GigaVax ApS",0,0,0
"324","https://www.proff.dk/firma/carlos-casado-vazquez/bagsv%C3%A6rd/bioteknologi/0OXCQMI0225/","Carlos Casado Vazquez",0,0,0
"325","https://www.proff.dk/firma/cbv-consult/lystrup/bioteknologi/0OXL32I0225/","CBV Consult",0,0,0
"326","https://www.proff.dk/firma/%C3%B8kologisk-komplementarselskab-aps/aarhus-n/bioteknologi/0PBMDQI0225/","Økologisk Komplementarselskab ApS",0,0,0
"327","https://www.proff.dk/firma/innovationscenter-for-%C3%B8kologisk-landbrug-ps/aarhus-n/bioteknologi/0PBV07I0225/","Innovationscenter for Økologisk Landbrug P/S",0,0,0
"328","https://www.proff.dk/firma/clear-creek-consulting/fredericia/bioteknologi/0PC008I0225/","Clear Creek Consulting",0,0,0
"329","https://www.proff.dk/firma/alcolase-aps/k%C3%B8benhavn-%C3%B8/bioteknologi/0PC15BI0225/","Alcolase ApS",0,0,0
"330","https://www.proff.dk/firma/svp/aalborg/bioteknologi/0PC33AI0225/","svp",0,0,0
"331","https://www.proff.dk/firma/bioomix-aps/odense-c/bioteknologi/0PC7I5I0225/","Bioomix ApS",0,0,0
"332","https://www.proff.dk/firma/evodiabio-aps/k%C3%B8benhavn-n/bioteknologi/0PCEO3I0225/","EvodiaBio ApS",0,0,0
"333","https://www.proff.dk/firma/zafirakos-clinical-research/solr%C3%B8d-strand/bioteknologi/0PCPVWI0225/","Zafirakos Clinical Research",0,0,0
"334","https://www.proff.dk/firma/river-stone-biotech-isg-aps/k%C3%B8benhavn-%C3%B8/bioteknologi/0PCZW3I0225/","River Stone Biotech ISG ApS",0,0,0
"335","https://www.proff.dk/firma/stimuliver-aps/k%C3%B8benhavn-n/bioteknologi/0PD0B9I0225/","Stimuliver ApS",0,0,0
"336","https://www.proff.dk/firma/sanus-proteins-is/k%C3%B8benhavn-%C3%B8/bioteknologi/0PD3LMI0225/","Sanus Proteins I/S",0,0,0
"337","https://www.proff.dk/firma/hei-therapeutics-aps/k%C3%B8benhavn-n/bioteknologi/0PDCK7I0225/","HEI Therapeutics ApS",0,0,0
"338","https://www.proff.dk/firma/commit-biologics-aps/ry/bioteknologi/0PDZA1I0225/","Commit Biologics ApS",0,0,0
"339","https://www.proff.dk/firma/scibiome-aps/holte/bioteknologi/0PE1S5I0225/","Scibiome ApS",0,0,0
"340","https://www.proff.dk/firma/infectio/eg%C3%A5/bioteknologi/0PEA06I0225/","Infectio",0,0,0
"341","https://www.proff.dk/firma/inotify-aps/k%C3%B8benhavn-n/bioteknologi/0PEWT7I0225/","iNotify ApS",0,0,0
"342","https://www.proff.dk/firma/orbis-medicines-aps/vejle-%C3%B8st/bioteknologi/0PFJLQI0225/","Orbis Medicines ApS",0,0,0
"343","https://www.proff.dk/firma/genecis-bioindustries-aps/k%C3%B8benhavn-k/bioteknologi/0PGF1LI0225/","Genecis Bioindustries ApS",0,0,0
"344","https://www.proff.dk/firma/imcor-aps/eg%C3%A5/bioteknologi/0PGFHEI0225/","IMCOR ApS",0,0,0
"345","https://www.proff.dk/firma/bettasensing-aps/aarhus-c/bioteknologi/0PGI19I0225/","BettaSensing ApS",0,0,0
"346","https://www.proff.dk/firma/roslevconsulting/silkeborg/bioteknologi/0PGMSDI0225/","RoslevConsulting",0,0,0
"347","https://www.proff.dk/firma/cystotech-aps/aarhus-c/bioteknologi/0PGSALI0225/","Cystotech ApS",0,0,0
"348","https://www.proff.dk/firma/pjl-life-sciences-aps/klampenborg/bioteknologi/0PGSJFI0225/","PJL Life Sciences ApS",0,0,0
"349","https://www.proff.dk/firma/autoflow/hellerup/bioteknologi/0PIQ2TI0225/","AutoFlow",0,0,0
"350","https://www.proff.dk/firma/neo-biopharm-aps/hellerup/bioteknologi/0PIZ3WI0225/","Neo Biopharm ApS",0,0,0
"351","https://www.proff.dk/firma/adaptvac-aps/k%C3%B8benhavn-n/bioteknologi/0N26D6I0225/","AdaptVac ApS",2017,5,20231
"352","https://www.proff.dk/firma/bgi-europe-as/k%C3%B8benhavn-n/bioteknologi/0JLTZGI0225/","BGI EUROPE A/S",2010,22,18745
"353","https://www.proff.dk/firma/clinical-microbiomics-as/k%C3%B8benhavn-%C3%B8/bioteknologi/0M5ZCAI0225/","Clinical-Microbiomics A/S",2015,36,17024
"354","https://www.proff.dk/firma/selskabet-af-27.-juni-1997-aps/ansager/bioteknologi/0C13X8I0225/","Selskabet af 27. juni 1997 ApS",1997,NA,15651
"355","https://www.proff.dk/firma/embark-biotech-aps/k%C3%B8benhavn-n/bioteknologi/0NAGPAI0225/","Embark Biotech ApS",2017,8,10677
"356","https://www.proff.dk/firma/alphalyse-as/odense-m/bioteknologi/0FXFEWI0225/","ALPHALYSE A/S",2002,23,10505
"357","https://www.proff.dk/firma/ampliqon-as/odense-m/bioteknologi/0FPLSZI0225/","AMPLIQON A/S",2002,26,10184
"358","https://www.proff.dk/firma/eurofins-genomics-denmark-as/galten/bioteknologi/0M7T1OI0225/","Eurofins Genomics Denmark A/S",2015,7,10166
"359","https://www.proff.dk/firma/bioporto-as/hellerup/bioteknologi/0AF3BXI0225/","BIOPORTO A/S",1917,9,9600
"360","https://www.proff.dk/firma/cysbio-aps/h%C3%B8rsholm/bioteknologi/0NZ540I0225/","CysBio ApS",2019,16,8047
"361","https://www.proff.dk/firma/fida-biosystems-aps/s%C3%B8borg/bioteknologi/0KNHBYI0225/","Fida Biosystems ApS",2012,11,7807
"362","https://www.proff.dk/firma/sanos-as/herlev/bioteknologi/0G2NQLI0225/","Sanos A/S",2003,42,5847
"363","https://www.proff.dk/firma/grundfos-biobooster-as/lang%C3%A5/bioteknologi/0HDRHTI0225/","GRUNDFOS BIOBOOSTER A/S",2005,1,5405
"364","https://www.proff.dk/firma/bioxpedia-as/aarhus-n/bioteknologi/0MSIH0I0225/","BioXpedia A/S",2016,16,5400
"365","https://www.proff.dk/firma/inmold-as/h%C3%B8rsholm/bioteknologi/0I7TG2I0225/","INMOLD A/S",2007,8,5137
"366","https://www.proff.dk/firma/visiana-aps/h%C3%B8rsholm/bioteknologi/0IT43AI0225/","VISIANA ApS",2008,6,4940
"367","https://www.proff.dk/firma/galecto-biotech-aps/k%C3%B8benhavn-n/bioteknologi/0KRKBII0225/","GALECTO BIOTECH ApS",2012,15,0
"368","https://www.proff.dk/firma/immunitrack-aps/k%C3%B8benhavn-%C3%B8/bioteknologi/0J9BT0I0225/","IMMUNITRACK ApS",2013,12,4533
"369","https://www.proff.dk/firma/civi-biopharma-as/k%C3%B8benhavn-%C3%B8/bioteknologi/0MN2FMI0225/","CiVi Biopharma A/S",2016,1,4485
"370","https://www.proff.dk/firma/biovantage.dk-aps/k%C3%B8benhavn-k/bioteknologi/0LQAGGI0225/","BIOVANTAGE.DK ApS",2015,1,4092
"371","https://www.proff.dk/firma/aquaporin-as/kgs.-lyngby/bioteknologi/0GUWJ2I0225/","AQUAPORIN A/S",2005,85,4073
"372","https://www.proff.dk/firma/qlife-aps/ballerup/bioteknologi/0NSYITI0225/","Qlife ApS",2018,56,3732
"373","https://www.proff.dk/firma/tag-copenhagen-as/frederiksberg/bioteknologi/0CCU83I0225/","TAG COPENHAGEN A/S",1998,9,3596
"374","https://www.proff.dk/firma/artisan-research-labs-aps/k%C3%B8benhavn-n/bioteknologi/0O5HEJI0225/","Artisan Research Labs ApS",2019,4,3263
"375","https://www.proff.dk/firma/2curex-as/k%C3%B8benhavn-%C3%B8/bioteknologi/0HIJRCI0225/","2cureX A/S",2006,9,3249
"376","https://www.proff.dk/firma/hoba-therapeutics-aps/k%C3%B8benhavn-n/bioteknologi/0MRFCYI0225/","Hoba Therapeutics ApS",2016,4,1393
"377","https://www.proff.dk/firma/zentexia-aps/k%C3%B8benhavn-%C3%B8/bioteknologi/0O6UTYI0225/","Zentexia ApS",2019,1,1350
"378","https://www.proff.dk/firma/pancryos-aps/k%C3%B8benhavn-n/bioteknologi/0N8BZXI0225/","PanCryos ApS",2017,3,1324
"379","https://www.proff.dk/firma/biosynergy-as/svendborg/bioteknologi/0FVIQ5I0225/","BIOSYNERGY A/S",2002,3,1277
"380","https://www.proff.dk/firma/omiics-aps/aarhus-n/bioteknologi/0NNLO7I0225/","Omiics ApS",2018,2,1202
"381","https://www.proff.dk/firma/unseen-biometrics-aps/k%C3%B8benhavn-%C3%B8/bioteknologi/0NUC55I0225/","Unseen Biometrics ApS",2018,2,1180
"382","https://www.proff.dk/firma/silmeco-aps/k%C3%B8benhavn-sv/bioteknologi/0J943AI0225/","SILMECO ApS",2013,3,1154
"383","https://www.proff.dk/firma/avp-biopharma-consult-aps/virum/bioteknologi/0MHJUII0225/","AVP BioPharma Consult ApS",2016,1,1107
"384","https://www.proff.dk/firma/hoejmark-group-as/lem-st/bioteknologi/08HTO9I0225/","HOEJMARK GROUP A/S",1990,13,1102
"385","https://www.proff.dk/firma/save-stemcell-center-aps/slagelse/bioteknologi/0NRYWNI0225/","Save Stemcell Center ApS",2018,2,1094
"386","https://www.proff.dk/firma/pharma-evidence-aps/farum/bioteknologi/0KLB4NI0225/","PHARMA EVIDENCE ApS",2012,1,1073
"387","https://www.proff.dk/firma/re-energy-properties-as/r%C3%B8dovre/bioteknologi/0IE9V7I0225/","RE Energy Properties A/S",2007,NA,1072
"388","https://www.proff.dk/firma/me-ta-aps/kongens-lyngby/bioteknologi/0M6QEHI0225/","ME-TA ApS",2015,4,1054
"389","https://www.proff.dk/firma/biomediq-as/drag%C3%B8r/bioteknologi/0IK88RI0225/","BIOMEDIQ A/S",2008,1,1023
"390","https://www.proff.dk/firma/consibio-aps/risskov/bioteknologi/0N5HGCI0225/","Consibio ApS",2017,6,978
"391","https://www.proff.dk/firma/c-aps/hellerup/bioteknologi/0MALFQI0225/","C- ApS",2016,NA,956
"392","https://www.proff.dk/firma/greatop-science-technology-development-denmark-aps/nyborg/bioteknologi/0LCN0LI0225/","GREATOP SCIENCE &amp; TECHNOLOGY DEVELOPMENT (DENMARK) ApS",2014,2,945
"393","https://www.proff.dk/firma/dianox-aps/k%C3%B8benhavn-%C3%B8/bioteknologi/0O5C2DI0225/","Dianox ApS",2019,1,933
"394","https://www.proff.dk/firma/octarine-bio-aps/k%C3%B8benhavn-%C3%B8/bioteknologi/0NQA3OI0225/","Octarine Bio ApS",2018,10,917
"395","https://www.proff.dk/firma/prediagnose-aps/karlslunde/bioteknologi/0MYJ82I0225/","PreDiagnose ApS",2017,1,766
"396","https://www.proff.dk/firma/torleif-science-aps/br%C3%B8nsh%C3%B8j/bioteknologi/0OPY2DI0225/","Torleif Science ApS",2020,1,757
"397","https://www.proff.dk/firma/ribotask-aps/odense-s%C3%B8/bioteknologi/0HQI3JI0225/","RIBOTASK ApS",2006,2,696
"398","https://www.proff.dk/firma/c4pain-aps/aalborg/bioteknologi/0J84Z6I0225/","C4PAIN ApS",2009,NA,658
"399","https://www.proff.dk/firma/mt-microsearch-aps/k%C3%B8benhavn-n/bioteknologi/0MIGHMI0225/","MT-MicroSearch ApS",2016,NA,649
"400","https://www.proff.dk/firma/medbroker-aps/gadstrup/bioteknologi/0IZK7GI0225/","Medbroker ApS",2009,4,646
"401","https://www.proff.dk/firma/plastisens-aps/k%C3%B8benhavn-k/bioteknologi/0LGWT8I0225/","PLASTISENS ApS",2014,NA,144
"402","https://www.proff.dk/firma/casad-associates-aps/frederiksberg-c/bioteknologi/0LFZYCI0225/","CASAD &amp; ASSOCIATES ApS",2014,1,138
"403","https://www.proff.dk/firma/curo-diagnostics-aps/bagsv%C3%A6rd/bioteknologi/0K7W4LI0225/","CURO Diagnostics ApS",2011,NA,133
"404","https://www.proff.dk/firma/eegtraining-nord-aps/vestbjerg/bioteknologi/0MKS21I0225/","EEGTRAINING NORD ApS",2016,1,129
"405","https://www.proff.dk/firma/stradevo-as/k%C3%B8benhavn-%C3%B8/bioteknologi/0KS107I0225/","STRADEVO A/S",2013,NA,126
"406","https://www.proff.dk/firma/holm-christensen-biosystemer-aps/%C3%A5lsg%C3%A5rde/bioteknologi/0Y98E8I0225/","HOLM CHRISTENSEN BIOSYSTEMER ApS",1976,1,118
"407","https://www.proff.dk/firma/entomass-aps/l%C3%B8kken/bioteknologi/0N9GZ4I0225/","EntoMass ApS",2017,6,110
"408","https://www.proff.dk/firma/jkastrup.aps/birker%C3%B8d/bioteknologi/0NG91YI0225/","JKastrup.ApS",2018,NA,107
"409","https://www.proff.dk/firma/biogenity-aps/aalborg-%C3%B8st/bioteknologi/0NKWWDI0225/","Biogenity ApS",2018,5,97
"410","https://www.proff.dk/firma/suresh-rattan-aps/aarhus-n/bioteknologi/0O2MB3I0225/","Suresh Rattan ApS",2019,NA,83
"411","https://www.proff.dk/firma/bylykke-aps/aalborg/bioteknologi/0KLHFII0225/","ByLykke ApS",2012,1,80
"412","https://www.proff.dk/firma/future-energy-technologies-aps/struer/bioteknologi/0KJ8KAI0225/","FUTURE ENERGY TECHNOLOGIES ApS",2012,1,70
"413","https://www.proff.dk/firma/camilla-gustafsen-holding-aps/aarhus-c/bioteknologi/0MY60VI0225/","Camilla Gustafsen Holding ApS",2017,NA,66
"414","https://www.proff.dk/firma/mhj-research-aps/hellerup/bioteknologi/0OMM8SI0225/","MHJ Research ApS",2020,NA,66
"415","https://www.proff.dk/firma/vitrox-aps/risskov/bioteknologi/05Z2WXI0225/","VITROX ApS",2000,NA,64
"416","https://www.proff.dk/firma/l-folkersen-holding-aps/kongens-lyngby/bioteknologi/0MKQC6I0225/","L Folkersen Holding ApS",2016,NA,43
"417","https://www.proff.dk/firma/bacticon-aps/kgs.-lyngby/bioteknologi/0L2WYZI0225/","BACTICON ApS",2013,NA,39
"418","https://www.proff.dk/firma/kriska-biotech-aps/gedsted/bioteknologi/0MDQ5FI0225/","Kriska BioTech ApS",2016,NA,39
"419","https://www.proff.dk/firma/mosspiration-biotech-aps/h%C3%B8rsholm/bioteknologi/0M9X7UI0225/","Mosspiration Biotech ApS",2016,NA,38
"420","https://www.proff.dk/firma/redo-neurosystems-aps/aalborg-%C3%B8st/bioteknologi/0OSZWLI0225/","REDO-Neurosystems ApS",2020,4,36
"421","https://www.proff.dk/firma/ava-genomics-consultancy-aps/skovlunde/bioteknologi/0MBMB2I0225/","AVA Genomics Consultancy ApS",2016,NA,34
"422","https://www.proff.dk/firma/isanans-pharma-aps/frederiksberg/bioteknologi/0NOVF5I0225/","Isanans Pharma ApS",2018,NA,30
"423","https://www.proff.dk/firma/henrik-wendler-coaching-aps/k%C3%B8benhavn-v/bioteknologi/0KO3GWI0225/","Henrik Wendler Coaching ApS",2012,NA,29
"424","https://www.proff.dk/firma/venomaid-diagnostics-aps/kongens-lyngby/bioteknologi/0NSXNXI0225/","VenomAid Diagnostics ApS",2018,NA,25
"425","https://www.proff.dk/firma/geco-aps/kongens-lyngby/bioteknologi/0M7H1LI0225/","GeCo ApS",2015,NA,19
"426","https://www.proff.dk/firma/pond-textile-as/aarhus-c/bioteknologi/0NID9JI0225/","pond Textile A/S",2018,3,5540
"427","https://www.proff.dk/firma/lophora-aps/k%C3%B8benhavn-%C3%B8/bioteknologi/0NQKOPI0225/","Lophora ApS",2018,5,5402
"428","https://www.proff.dk/firma/curasight-as/k%C3%B8benhavn-n/bioteknologi/0KZILPI0225/","CURASIGHT A/S",2013,8,4791
"429","https://www.proff.dk/firma/cirqle-biomedical-contraception-aps/k%C3%B8benhavn-n/bioteknologi/0NQGMHI0225/","Cirqle Biomedical Contraception ApS",2018,8,4133
"430","https://www.proff.dk/firma/oncoral-pharma-aps/kongens-lyngby/bioteknologi/0L4HHAI0225/","ONCORAL PHARMA ApS",2013,NA,3856
"431","https://www.proff.dk/firma/stemmedical-as/s%C3%B8borg/bioteknologi/0LCG7CI0225/","Stemmedical A/S",2014,11,3793
"432","https://www.proff.dk/firma/pokeacell-aps/k%C3%B8benhavn-n/bioteknologi/0OHFRLI0225/","PokeAcell ApS",2020,9,3393
"433","https://www.proff.dk/firma/avilex-pharma-aps/k%C3%B8benhavn-n/bioteknologi/0KRYKCI0225/","AVILEX PHARMA ApS",2012,4,3133
"434","https://www.proff.dk/firma/stipe-therapeutics-aps/aarhus-c/bioteknologi/0NMPWNI0225/","STIPE Therapeutics ApS",2018,15,0
"435","https://www.proff.dk/firma/blue-cell-therapeutics-aps/k%C3%B8benhavn-n/bioteknologi/0NSY0AI0225/","Blue Cell Therapeutics ApS",2018,11,2944
"436","https://www.proff.dk/firma/inprother-aps/k%C3%B8benhavn-n/bioteknologi/0K827EI0225/","INPROTHER ApS",2011,17,2744
"437","https://www.proff.dk/firma/xcelcyte-as/h%C3%B8rsholm/bioteknologi/0OORHUI0225/","XcelCyte A/S",2020,1,2628
"438","https://www.proff.dk/firma/ok-biotech-aps/eg%C3%A5/bioteknologi/0BZLKLI0225/","OK BIOTECH ApS",1997,1,2622
"439","https://www.proff.dk/firma/fenucure-medical-aps/kongens-lyngby/bioteknologi/0GYKLZI0225/","Fenucure Medical ApS",2005,NA,2429
"440","https://www.proff.dk/firma/teitur-trophics-aps/hjortsh%C3%B8j/bioteknologi/0OG0W7I0225/","Teitur Trophics ApS",2020,3,2396
"441","https://www.proff.dk/firma/chreto-aps/v%C3%A6rl%C3%B8se/bioteknologi/0JVHUII0225/","CHRETO ApS",2010,5,2308
"442","https://www.proff.dk/firma/swedish-biomimetics-3000-aps/k%C3%B8benhavn-k/bioteknologi/0ORLN9I0225/","Swedish Biomimetics 3000 ApS",2020,1,2283
"443","https://www.proff.dk/firma/aimvion-as/k%C3%B8benhavn-n/bioteknologi/0M3MGAI0225/","AimVion A/S",2015,NA,2212
"444","https://www.proff.dk/firma/lactobio-as/k%C3%B8benhavn-%C3%B8/bioteknologi/0N5I2II0225/","LACTOBIO A/S",2017,12,2190
"445","https://www.proff.dk/firma/ankrin-therapeutics-aps/k%C3%B8benhavn-n/bioteknologi/0NOT5TI0225/","Ankrin Therapeutics ApS",2018,7,2067
"446","https://www.proff.dk/firma/biovices-ipr-holding-aps/k%C3%B8benhavn-k/bioteknologi/0O7CZKI0225/","BioVices IPR Holding ApS",2019,NA,2067
"447","https://www.proff.dk/firma/asarina-pharma-aps/k%C3%B8benhavn-n/bioteknologi/0MX3HCI0225/","Asarina Pharma ApS",2017,2,1891
"448","https://www.proff.dk/firma/cbio-as/s%C3%B8borg/bioteknologi/0NXZCYI0225/","CBio A/S",2019,11,1814
"449","https://www.proff.dk/firma/selma-diagnostics-aps/k%C3%B8benhavn-n/bioteknologi/0M07KWI0225/","Selma Diagnostics ApS",2015,1,1617
"450","https://www.proff.dk/firma/biophero-aps/k%C3%B8benhavn-%C3%B8/bioteknologi/0MOTCSI0225/","BioPhero ApS",2016,26,1600
"451","https://www.proff.dk/firma/azebiotics-aps/k%C3%B8benhavn-%C3%B8/bioteknologi/0O44BXI0225/","Azebiotics ApS",2019,NA,186
"452","https://www.proff.dk/firma/buhl-krone-holding-aps/farum/bioteknologi/0F81QDI0225/","BUHL KRONE HOLDING ApS",2000,2,165
"453","https://www.proff.dk/firma/orbit-project-aps/k%C3%B8benhavn-k/bioteknologi/0OIWUMI0225/","Orbit Project ApS",2020,NA,157
"454","https://www.proff.dk/firma/pephexia-therapeutics-aps/k%C3%B8benhavn-n/bioteknologi/0OLM3SI0225/","Pephexia Therapeutics ApS",2020,3,146
"455","https://www.proff.dk/firma/qntm-labs-aps/odense-s%C3%B8/bioteknologi/0OJGR3I0225/","QNTM Labs ApS",2020,11,140
"456","https://www.proff.dk/firma/diet4life-aps/hammel/bioteknologi/0KVCDVI0225/","DIET4LIFE ApS",2013,2,138
"457","https://www.proff.dk/firma/liplasome-pharma-aps/vejle/bioteknologi/0HIR6QI0225/","LIPLASOME PHARMA ApS",2006,NA,133
"458","https://www.proff.dk/firma/tech-2-art-as/svendborg/bioteknologi/0M2M2II0225/","Tech 2 Art A/S",2015,NA,128
"459","https://www.proff.dk/firma/legomics-aps/k%C3%B8benhavn-nv/bioteknologi/0LD9ODI0225/","LEGOMICS ApS",2014,1,118
"460","https://www.proff.dk/firma/evolva-biotech-as/k%C3%B8benhavn-%C3%B8/bioteknologi/0F7916I0225/","EVOLVA BIOTECH A/S",2000,NA,116
"461","https://www.proff.dk/firma/therazone-aps/drag%C3%B8r/bioteknologi/0G86JAI0225/","THERAZONE ApS",2003,2,115
"462","https://www.proff.dk/firma/skandinavisk-cryo-teknik-aps/them/bioteknologi/0NOPXLI0225/","Skandinavisk Cryo Teknik Aps",2018,NA,104
"463","https://www.proff.dk/firma/bio-bond-aps/aarhus-c/bioteknologi/0M50LGI0225/","Bio Bond ApS",2015,NA,102
"464","https://www.proff.dk/firma/unibio-russia-aps/roskilde/bioteknologi/0MATC8I0225/","UniBio Russia ApS",2016,NA,101
"465","https://www.proff.dk/firma/cellugy-aps/aarhus-v/bioteknologi/0NHUELI0225/","Cellugy ApS",2018,8,94
"466","https://www.proff.dk/firma/7tm-as/h%C3%B8rsholm/bioteknologi/0EY5UZI0225/","7TM A/S",2000,NA,91
"467","https://www.proff.dk/firma/estibio-aps/ballerup/bioteknologi/0HE3V3I0225/","ESTIBIO ApS",2005,NA,88
"468","https://www.proff.dk/firma/biogalacid-aps/str%C3%B8by/bioteknologi/0KZ7ZZI0225/","BIOGALACID ApS",2013,NA,88
"469","https://www.proff.dk/firma/pixiegene-as/k%C3%B8benhavn-v/bioteknologi/0HRRHJI0225/","PIXIEGENE A/S",2006,NA,81
"470","https://www.proff.dk/firma/eurofins-safer-at-work-nordics-as/galten/bioteknologi/0IX5VXI0225/","Eurofins Safer At Work Nordics A/S",2008,3,72
"471","https://www.proff.dk/firma/hhc-medical-aps/hiller%C3%B8d/bioteknologi/0O8UE4I0225/","HHC Medical ApS",2019,2,70
"472","https://www.proff.dk/firma/bio-y-as/helsing%C3%B8r/bioteknologi/0F6PY0I0225/","BIO-Y A/S",2000,1,69
"473","https://www.proff.dk/firma/minigut-aps/h%C3%B8rsholm/bioteknologi/0OJI8ZI0225/","MiniGut ApS",2020,NA,67
"474","https://www.proff.dk/firma/dm-consulting-aps/snekkersten/bioteknologi/0J3EJBI0225/","DM CONSULTING ApS",2009,NA,63
"475","https://www.proff.dk/firma/c5-technologies-aps/ballerup/bioteknologi/0JG8B8I0225/","C5 TECHNOLOGIES ApS",2009,NA,60
"476","https://www.proff.dk/firma/aesculus-bio-aps/k%C3%B8benhavn-n/bioteknologi/0O5CYQI0225/","Aesculus Bio ApS",2019,NA,12
"477","https://www.proff.dk/firma/unibio-ksa-aps/roskilde/bioteknologi/0O9ODCI0225/","Unibio KSA ApS",2019,NA,12
"478","https://www.proff.dk/firma/beatsco2-aps/charlottenlund/bioteknologi/0ONTLYI0225/","Beatsco2 ApS",2020,NA,12
"479","https://www.proff.dk/firma/genym-investment-group-aps/farum/bioteknologi/0N11CII0225/","Genym Investment Group ApS",2017,NA,11
"480","https://www.proff.dk/firma/mlmc-therapeutics-aps/k%C3%B8benhavn-s/bioteknologi/0OKQ2GI0225/","MLMC Therapeutics ApS",2020,NA,11
"481","https://www.proff.dk/firma/bpbd-consult-aps/frederiksberg/bioteknologi/0HIC16I0225/","BPBD CONSULT ApS",2006,NA,10
"482","https://www.proff.dk/firma/m-field-energy-aps/hobro/bioteknologi/0LO8RZI0225/","M-FIELD ENERGY ApS",2014,NA,10
"483","https://www.proff.dk/firma/peder-s%C3%B8ndergaard-madsen-holding-aps/risskov/bioteknologi/0MY65TI0225/","Peder Søndergaard Madsen Holding ApS",2017,NA,9
"484","https://www.proff.dk/firma/riid-ivs/helleb%C3%A6k/bioteknologi/0NT2J5I0225/","RiiD IVS",2018,NA,9
"485","https://www.proff.dk/firma/hat_cph_holding-aps/stenl%C3%B8se/bioteknologi/0OHVHAI0225/","HAT_CPH_Holding ApS",2020,NA,9
"486","https://www.proff.dk/firma/martech-aps/odense-c/bioteknologi/0K5UYKI0225/","MARTECH ApS",2011,NA,8
"487","https://www.proff.dk/firma/lindhardt-holdings-aps/haslev/bioteknologi/0NFKS5I0225/","Lindhardt Holdings ApS",2018,NA,8
"488","https://www.proff.dk/firma/andstats-ii-aps/frederiksberg/bioteknologi/0PBKHQI0225/","AndStats II ApS",2021,1,8
"489","https://www.proff.dk/firma/jensen-bioconsult-aps/br%C3%B8nsh%C3%B8j/bioteknologi/0L8JIZI0225/","JENSEN BIOCONSULT ApS",2014,NA,7
"490","https://www.proff.dk/firma/covitest-aps/k%C3%B8benhavn-n/bioteknologi/0OKUMYI0225/","Covitest ApS",2020,NA,7
"491","https://www.proff.dk/firma/asml-holding-aps/odense-s/bioteknologi/0HL49MI0225/","ASML HOLDING ApS",2006,NA,6
"492","https://www.proff.dk/firma/peter-holst-consulting-aps/s%C3%B8borg/bioteknologi/0K7ZZZI0225/","PETER HOLST CONSULTING ApS",2011,NA,6
"493","https://www.proff.dk/firma/krystof-holding-aps/odense-s/bioteknologi/0L8JWBI0225/","KRYSTOF HOLDING ApS",2014,NA,6
"494","https://www.proff.dk/firma/trt-innovations-aps/k%C3%B8benhavn-n/bioteknologi/0LRBQZI0225/","TRT INNOVATIONS APS",2015,NA,6
"495","https://www.proff.dk/firma/wexotec-aps/charlottenlund/bioteknologi/0FNQ3HI0225/","WEXOTEC ApS",2001,NA,5
"496","https://www.proff.dk/firma/kj-export-aps/hinnerup/bioteknologi/0H953RI0225/","KJ EXPORT ApS",2005,NA,5
"497","https://www.proff.dk/firma/angio-aps/klampenborg/bioteknologi/0J0LE3I0225/","ANGIO ApS",2009,NA,5
"498","https://www.proff.dk/firma/blue-healthcare-investments-aps/vedb%C3%A6k/bioteknologi/0LUAVZI0225/","BLUE Healthcare Investments ApS",2015,NA,5
"499","https://www.proff.dk/firma/agrofertil-international-aps/horslunde/bioteknologi/0MU5Y0I0225/","Agrofertil-International ApS",2017,NA,5
"500","https://www.proff.dk/firma/asqariholding-aps/virum/bioteknologi/0NY14ZI0225/","ASQARIHolding ApS",2019,NA,5
"501","https://www.proff.dk/firma/aquaporin-as/kongens-lyngby/bioteknologi/GPY2YBI0225/","Aquaporin A/S",2005,85,4073
"502","https://www.proff.dk/firma/immudex-aps/virum/bioteknologi/GRWHACI0225/","Immudex ApS",2008,54,24389
"503","https://www.proff.dk/firma/gubra-aps/h%C3%B8rsholm/bioteknologi/GS6M66I0225/","Gubra ApS",2008,NA,134886
"504","https://www.proff.dk/firma/eurofins-safer-at-work-nordics-as/galten/bioteknologi/GS7OXVI0225/","Eurofins Safer At Work Nordics A/S",2008,1,72
"505","https://www.proff.dk/firma/lifescience-consulting-vmorten-heide/kongens-lyngby/bioteknologi/GS8IZNI0225/","Lifescience Consulting v/Morten Heide",0,0,0
"506","https://www.proff.dk/firma/w2ge-aps-under-konkurs/ish%C3%B8j/bioteknologi/GSPYZ3I0225/","W2ge ApS  Under Konkurs",2009,NA,743
"507","https://www.proff.dk/firma/biomodics-aps/kongens-lyngby/bioteknologi/GSWSCFI0225/","Biomodics ApS",2010,NA,1916
"508","https://www.proff.dk/firma/inbicon-kalundborg/kalundborg/bioteknologi/GT2KH3I0225/","Inbicon Kalundborg",2010,NA,25651
"509","https://www.proff.dk/firma/inbicon-gentofte/gentofte/bioteknologi/GT2KHBI0225/","Inbicon Gentofte",2010,NA,25651
"510","https://www.proff.dk/firma/bylykke-aps/aalborg/bioteknologi/GTXP6GI0225/","Bylykke ApS",2012,NA,80
"511","https://www.proff.dk/firma/sime-diagnostics-aps/kongens-lyngby/bioteknologi/GTZP2UI0225/","Sime Diagnostics ApS",2012,1,39
"512","https://www.proff.dk/firma/videncenter-for-rehabilitering-og-palliation/nyborg/bioteknologi/GU61NSI0225/","Videncenter For Rehabilitering og Palliation",0,0,0
"513","https://www.proff.dk/firma/grundfos-biobooster-as/lang%C3%A5/bioteknologi/GUEV4FI0225/","Grundfos Biobooster A/S",2013,1,5405
"514","https://www.proff.dk/firma/bacticon-aps/kongens-lyngby/bioteknologi/GUHHCPI0225/","Bacticon ApS",2013,NA,39
"515","https://www.proff.dk/firma/gr%C3%B8nland-cas/k%C3%B8benhavn-v/bioteknologi/GUKM43I0225/","Grønland (Cas)",2013,NA,0
"516","https://www.proff.dk/firma/origio-as/%C3%B8lstykke/bioteknologi/GUM0YHI0225/","Origio A/S",2013,NA,185823
"517","https://www.proff.dk/firma/inbicon-sk%C3%A6rb%C3%A6k/fredericia/bioteknologi/GURYAGI0225/","Inbicon Skærbæk",2014,NA,25651
"518","https://www.proff.dk/firma/symphogen-as/ballerup/bioteknologi/GUVKM3I0225/","Symphogen A/S",2014,NA,39
"519","https://www.proff.dk/firma/wellflower-bio-ivs-under-konkurs/humleb%C3%A6k/bioteknologi/GV9A9XI0225/","Wellflower Bio IVS  Under Konkurs",0,0,0
"520","https://www.proff.dk/firma/v-biotek-aps/havdrup/bioteknologi/GVAJV7I0225/","V-Biotek ApS",2014,NA,2429
"521","https://www.proff.dk/firma/pond-as/aarhus-c/bioteknologi/GVHTYHI0225/","Pond A/S",2015,2,1796
"522","https://www.proff.dk/firma/aros-applied-biotechnology-as/galten/bioteknologi/GVQD9VI0225/","Aros Applied Biotechnology A/S",2015,62,40932
"523","https://www.proff.dk/firma/innova/k%C3%B8benhavn-n/bioteknologi/GVSJ5TI0225/","Innova",0,0,0
"524","https://www.proff.dk/firma/tychobio-ivs-under-tvangsopl%C3%B8sning/k%C3%B8benhavn-%C3%B8/bioteknologi/GVSWRJI0225/","Tychobio IVS  Under Tvangsopløsning",2015,NA,0
"525","https://www.proff.dk/firma/gubra-aps/h%C3%B8rsholm/bioteknologi/GVYV4ZI0225/","Gubra ApS",2016,160,134886
"526","https://www.proff.dk/firma/acutiz-aps/risskov/bioteknologi/GXXY44I0225/","Acutiz ApS",2019,NA,80
"527","https://www.proff.dk/firma/betamab-aps-i-likvidation/humleb%C3%A6k/bioteknologi/GXYI9RI0225/","Betamab ApS  I Likvidation",2019,NA,736
"528","https://www.proff.dk/firma/eyevi-ivs-under-konkurs/vanl%C3%B8se/bioteknologi/GXZGJ1I0225/","Eyevi IVS  Under Konkurs",0,0,0
"529","https://www.proff.dk/firma/immunaware-ku/k%C3%B8benhavn-n/bioteknologi/GY87BII0225/","Immunaware Ku",2019,NA,2395
"530","https://www.proff.dk/firma/zealand-pharma-as/glostrup/bioteknologi/GYANZBI0225/","Zealand Pharma A/S",2019,NA,262749
"531","https://www.proff.dk/firma/calpro-as/herlev/bioteknologi/GYF199I0225/","Calpro As",0,0,0
"532","https://www.proff.dk/firma/enduro-genetics-aps/k%C3%B8benhavn-n/bioteknologi/GYF2E9I0225/","Enduro Genetics ApS",2019,NA,2
"533","https://www.proff.dk/firma/genxtract-aps-under-konkurs/aarhus-v/bioteknologi/GYHF1FI0225/","Genxtract ApS  Under Konkurs",0,0,0
"534","https://www.proff.dk/firma/bii/k%C3%B8benhavn-n/bioteknologi/GYJASTI0225/","Bii",2020,6,0
"535","https://www.proff.dk/firma/au-lab/aarhus-c/bioteknologi/GYJATSI0225/","Au Lab",2020,1,0
"536","https://www.proff.dk/firma/sanos-as-vejle/vejle/bioteknologi/GYK5Q8I0225/","Sanos A/S Vejle",2020,NA,5847
"537","https://www.proff.dk/firma/sanos-as-gandrup/gandrup/bioteknologi/GYK5QGI0225/","Sanos A/S Gandrup",2020,NA,5847
"538","https://www.proff.dk/firma/muna-therapeutics-aps/k%C3%B8benhavn-n/bioteknologi/GYKOQTI0225/","Muna Therapeutics ApS",2020,7,7345
"539","https://www.proff.dk/firma/kalundborg/kalundborg/bioteknologi/GYON15I0225/","Kalundborg",2020,NA,1072
"540","https://www.proff.dk/firma/celvivo-aps/odense-s%C3%B8/bioteknologi/GYPCUKI0225/","Celvivo ApS",2020,8,1040
"541","https://www.proff.dk/firma/rkkp/aarhus-n/bioteknologi/GYQUHEI0225/","Rkkp",0,0,0
"542","https://www.proff.dk/firma/qlife-aps-symbion/k%C3%B8benhavn-%C3%B8/bioteknologi/GYS6TYI0225/","Qlife ApS - Symbion",2020,NA,3732
"543","https://www.proff.dk/firma/qlife-aps-randers/randers-sv/bioteknologi/GYVE3MI0225/","Qlife ApS - Randers",2020,NA,3732
"544","https://www.proff.dk/firma/2n-pharma-aps/k%C3%B8benhavn-n/bioteknologi/GYWSHXI0225/","2n Pharma ApS",2020,NA,336
"545","https://www.proff.dk/firma/eurofins-genomics-europe-genotyping-screening/aarhus-n/bioteknologi/GYYSIJI0225/","Eurofins Genomics Europe Genotyping Screening",2020,NA,40932
"546","https://www.proff.dk/firma/celvivo-aps-v%C3%A6rl%C3%B8se/v%C3%A6rl%C3%B8se/bioteknologi/GYZ1FMI0225/","Celvivo ApS - Værløse",2020,10,1040
"547","https://www.proff.dk/firma/enduro-genetics-aps/kongens-lyngby/bioteknologi/GZ0F4NI0225/","Enduro Genetics ApS",2020,NA,2
"548","https://www.proff.dk/firma/consibio/g%C3%B8rlev/bioteknologi/GZ1U7KI0225/","Consibio",2020,NA,978
"549","https://www.proff.dk/firma/pentabase-esbjerg/esbjerg/bioteknologi/GZ3MSOI0225/","Pentabase Esbjerg",2020,10,199224
"550","https://www.proff.dk/firma/pentabase-aarhus/tilst/bioteknologi/GZ4RDHI0225/","Pentabase Aarhus",2020,16,199224
"551","https://www.proff.dk/firma/pentabase-kalundborg/kalundborg/bioteknologi/GZZPIDI0225/","Pentabase Kalundborg",2022,NA,199224
"552","https://www.proff.dk/firma/symphogen-as/ballerup/bioteknologi/05YMABI0225/","SYMPHOGEN A/S",2000,133,39
"553","https://www.proff.dk/firma/affitech-as/k%C3%B8benhavn-n/bioteknologi/08NLVOI0225/","AFFITECH A/S",1990,NA,39
"554","https://www.proff.dk/firma/iso-d/risskov/bioteknologi/0A0QSFI0225/","Iso-D",0,0,0
"555","https://www.proff.dk/firma/medakto/hellerup/bioteknologi/0AL4WWI0225/","Medakto",0,0,0
"556","https://www.proff.dk/firma/stratesis-vpeter-kaastrup/veks%C3%B8-sj%C3%A6lland/bioteknologi/0CI5GZI0225/","Stratesis v//Peter Kaastrup",0,0,0
"557","https://www.proff.dk/firma/nuevolution-as/k%C3%B8benhavn-%C3%B8/bioteknologi/0FHWNGI0225/","NUEVOLUTION A/S",2001,69,39
"558","https://www.proff.dk/firma/aqualife-as/hellerup/bioteknologi/0FIIZFI0225/","AQUALIFE A/S",2001,NA,0
"559","https://www.proff.dk/firma/karen-lise-krabbe-v-karen-krabbe/aarhus-c/bioteknologi/0FMSYGI0225/","Karen Lise Krabbe v/ Karen Krabbe",0,0,0
"560","https://www.proff.dk/firma/photocure-asa/herlev/bioteknologi/0FRLN0I0225/","PHOTOCURE ASA",0,0,0
"561","https://www.proff.dk/firma/koncept-vfl-dyremose/k%C3%B8ge/bioteknologi/0G3J22I0225/","Koncept v/Fl Dyremose",0,0,0
"562","https://www.proff.dk/firma/konstruktionsfirmaet-af-20-april-2008-vove-hededam/morud/bioteknologi/0G4FR9I0225/","Konstruktionsfirmaet af 20 april 2008 v/Ove Hededam",0,0,0
"563","https://www.proff.dk/firma/from-consult/v%C3%A6rl%C3%B8se/bioteknologi/0GEPU0I0225/","From Consult",0,0,0
"564","https://www.proff.dk/firma/allarity-therapeutics-as/h%C3%B8rsholm/bioteknologi/0GQEZZI0225/","Allarity Therapeutics A/S",2004,6,39
"565","https://www.proff.dk/firma/lh-research-development-and-innovation/%C3%B8lgod/bioteknologi/0GXWUTI0225/","LH-research development and innovation",0,0,0
"566","https://www.proff.dk/firma/mke-consulting-aps/hellerup/bioteknologi/0H3J7EI0225/","MKE CONSULTING ApS",2005,NA,39
"567","https://www.proff.dk/firma/tarnow-consulting/fredensborg/bioteknologi/0H89BJI0225/","Tarnow consulting",0,0,0
"568","https://www.proff.dk/firma/ditzel-consult/skanderborg/bioteknologi/0HJTGGI0225/","Ditzel Consult",0,0,0
"569","https://www.proff.dk/firma/bioorganic-lead-compounds-aps/k%C3%B8benhavn-s/bioteknologi/0HRH36I0225/","Bioorganic lead compounds ApS",2007,NA,39
"570","https://www.proff.dk/firma/biotracer/k%C3%B8benhavn-sv/bioteknologi/0HS1VLI0225/","Biotracer",0,0,0
"571","https://www.proff.dk/firma/institute-of-molecular-genetics-prag-tjekkiet/greve/bioteknologi/0IBJDNI0225/","Institute of Molecular Genetics (Prag Tjekkiet)",0,0,0
"572","https://www.proff.dk/firma/panformatics/m%C3%A5rslet/bioteknologi/0IC1MJI0225/","Panformatics",0,0,0
"573","https://www.proff.dk/firma/damsbo-vpeter-damsbo/charlottenlund/bioteknologi/0IJ7WCI0225/","Damsbo v/Peter Damsbo",0,0,0
"574","https://www.proff.dk/firma/medical-military-consulting-v.m.b.a/r%C3%B8dovre/bioteknologi/0IM7C8I0225/","MEDICAL MILITARY CONSULTING V.M.B.A",2008,NA,39
"575","https://www.proff.dk/firma/evidence-advisor/h%C3%B8rsholm/bioteknologi/0IQ9WII0225/","Evidence Advisor",0,0,0
"576","https://www.proff.dk/firma/maria-fischer/munkebo/bioteknologi/0KK628I0225/","Maria Fischer",0,0,0
"577","https://www.proff.dk/firma/ok-consulting-votto-kalliokoski/k%C3%B8benhavn-n/bioteknologi/0KKC9TI0225/","OK Consulting v/Otto Kalliokoski",0,0,0
"578","https://www.proff.dk/firma/medpace-sweden-ab/k%C3%B8benhavn-%C3%B8/bioteknologi/0KKVL0I0225/","Medpace Sweden AB",0,0,0
"579","https://www.proff.dk/firma/sime-diagnostics-aps/kgs.lyngby/bioteknologi/0KM32GI0225/","SIME DIAGNOSTICS ApS",2012,1,39
"580","https://www.proff.dk/firma/urbanmycelium/k%C3%B8benhavn-n/bioteknologi/0KQ5TII0225/","UrbanMycelium",0,0,0
"581","https://www.proff.dk/firma/sciecorp/k%C3%B8benhavn-%C3%B8/bioteknologi/0KW770I0225/","Sciecorp",0,0,0
"582","https://www.proff.dk/firma/hsoproces/holte/bioteknologi/0L0WI3I0225/","HSOProces",0,0,0
"583","https://www.proff.dk/firma/takara-bio-europe-s.a.s/k%C3%B8benhavn-k/bioteknologi/0L3K1II0225/","Takara Bio Europe S.A.S",0,0,0
"584","https://www.proff.dk/firma/crrc-wind-power-shandong-co-ltd-ro/roskilde/bioteknologi/0L3PTQI0225/","CRRC Wind Power (Shandong) CO Ltd RO",0,0,0
"585","https://www.proff.dk/firma/bio-greenpower-ltd/br%C3%B8ndby/bioteknologi/0L3SCZI0225/","Bio Greenpower LTD",0,0,0
"586","https://www.proff.dk/firma/zinpro-animal-nutrition-europe-inc/skanderborg/bioteknologi/0L3UGUI0225/","Zinpro Animal Nutrition Europe Inc",0,0,0
"587","https://www.proff.dk/firma/serendipity-ht/k%C3%B8benhavn-n/bioteknologi/0L93BWI0225/","Serendipity ht",0,0,0
"588","https://www.proff.dk/firma/jacob-engelbrecht-consulting/k%C3%B8benhavn-%C3%B8/bioteknologi/0LM3DFI0225/","Jacob Engelbrecht Consulting",0,0,0
"589","https://www.proff.dk/firma/dna-k%C3%B8nstest/hiller%C3%B8d/bioteknologi/0LM9W1I0225/","DNA-kønstest",0,0,0
"590","https://www.proff.dk/firma/zp-holding-spv-ks/s%C3%B8borg/bioteknologi/0LO96YI0225/","ZP HOLDING SPV K/S",2014,NA,0
"591","https://www.proff.dk/firma/zp-spv-1-ks/s%C3%B8borg/bioteknologi/0LOCDRI0225/","ZP SPV 1 K/S",2014,NA,0
"592","https://www.proff.dk/firma/wellflower-bio-ivs/humleb%C3%A6k/bioteknologi/0LPCZVI0225/","WELLFLOWER BIO IVS",0,0,0
"593","https://www.proff.dk/firma/io-biotech-aps/k%C3%B8benhavn-n/bioteknologi/0LPRW3I0225/","IO BIOTECH ApS",2014,19,39
"594","https://www.proff.dk/firma/ba-chemical-consulting-aps/k%C3%B8benhavn-s/bioteknologi/0LRORTI0225/","BA Chemical Consulting ApS",2015,NA,0
"595","https://www.proff.dk/firma/morten-lorentz/k%C3%B8benhavn-nv/bioteknologi/0LTYJDI0225/","Morten Lorentz",0,0,0
"596","https://www.proff.dk/firma/exolc/nyborg/bioteknologi/0LWB9BI0225/","ExoLC",0,0,0
"597","https://www.proff.dk/firma/msci-invest-aps/tilst/bioteknologi/0M0KOWI0225/","MSci Invest Aps",2015,NA,39
"598","https://www.proff.dk/firma/gothelf-aps/risskov/bioteknologi/0M0PUUI0225/","Gothelf ApS",2015,NA,0
"599","https://www.proff.dk/firma/pfizer-inc/ballerup/bioteknologi/0M19QVI0225/","Pfizer Inc",0,0,0
"600","https://www.proff.dk/firma/eit-health-scandinavian-clc/k%C3%B8benhavn-n/bioteknologi/0M1AQAI0225/","EIT Health Scandinavian CLC",0,0,0
"601","https://www.proff.dk/firma/life-science-aps/frederiksberg/bioteknologi/0MW732I0225/","Life Science ApS",2017,NA,0
"602","https://www.proff.dk/firma/draupnir-bio-aps/k%C3%B8benhavn-n/bioteknologi/0MY6YOI0225/","Draupnir Bio ApS",2017,19,39
"603","https://www.proff.dk/firma/scandion-oncology-as/k%C3%B8benhavn-%C3%B8/bioteknologi/0MZMA7I0225/","Scandion Oncology A/S",2017,20,39
"604","https://www.proff.dk/firma/saali-biotechnologies-aps/skanderborg/bioteknologi/0MZQU4I0225/","SAALI Biotechnologies Aps",2017,NA,0
"605","https://www.proff.dk/firma/cantor-consulting/charlottenlund/bioteknologi/0N1U0VI0225/","Cantor Consulting",0,0,0
"606","https://www.proff.dk/firma/synklino-as/charlottenlund/bioteknologi/0N35TGI0225/","SYNKLINO A/S",2017,5,39
"607","https://www.proff.dk/firma/horizon-discovery-limited/k%C3%B8benhavn-k/bioteknologi/0N60YKI0225/","Horizon Discovery Limited",0,0,0
"608","https://www.proff.dk/firma/egodx-aps/v%C3%A6rl%C3%B8se/bioteknologi/0N6HAJI0225/","EgoDx ApS",2017,NA,0
"609","https://www.proff.dk/firma/plabs-entertainment/%C3%B8stervr%C3%A5/bioteknologi/0N8O9BI0225/","pLabs Entertainment",0,0,0
"610","https://www.proff.dk/firma/biobrandaware/virum/bioteknologi/0N9KEZI0225/","Biobrandaware",0,0,0
"611","https://www.proff.dk/firma/veterinary-diagnostics-as/hellerup/bioteknologi/0NB2PEI0225/","Veterinary Diagnostics A/S",2017,1,0
"612","https://www.proff.dk/firma/wumpelmann-consulting-aps/valby/bioteknologi/0ND96CI0225/","Wumpelmann Consulting ApS",2018,NA,0
"613","https://www.proff.dk/firma/fluoguide-as/k%C3%B8benhavn-n/bioteknologi/0NE9BQI0225/","FluoGuide A/S",2018,9,39
"614","https://www.proff.dk/firma/ibio-tech-aps/k%C3%B8benhavn-sv/bioteknologi/0NEIZRI0225/","IBIO TECH ApS",2018,NA,0
"615","https://www.proff.dk/firma/hicon/hiller%C3%B8d/bioteknologi/0NEUR6I0225/","HICon",0,0,0
"616","https://www.proff.dk/firma/sp-consult/blokhus/bioteknologi/0NFDINI0225/","SP-CONSULT",0,0,0
"617","https://www.proff.dk/firma/epvir-aps/k%C3%B8benhavn-%C3%B8/bioteknologi/0NHPQNI0225/","epVIR ApS",2018,NA,0
"618","https://www.proff.dk/firma/bioeconomy-research-and-advisory/valby/bioteknologi/0NHVZ4I0225/","Bioeconomy, Research and Advisory",0,0,0
"619","https://www.proff.dk/firma/mp-jeppesen-aps/odense-v/bioteknologi/0NI57II0225/","M&amp;P Jeppesen ApS",2018,NA,0
"620","https://www.proff.dk/firma/pro-tech-tor/kirke-s%C3%A5by/bioteknologi/0NIRSMI0225/","PRO-TECH-TOR",0,0,0
"621","https://www.proff.dk/firma/kbresearch/roskilde/bioteknologi/0NLQH2I0225/","KBResearch",0,0,0
"622","https://www.proff.dk/firma/omicsdriven-ivs/t%C3%B8ll%C3%B8se/bioteknologi/0NM16JI0225/","OmicsDriven IVS",2018,NA,39
"623","https://www.proff.dk/firma/the-froglet-ivs/aalborg/bioteknologi/0NNDCAI0225/","The Froglet IVS",0,0,0
"624","https://www.proff.dk/firma/bio-investment-aps/solr%C3%B8d-strand/bioteknologi/0NP2F5I0225/","Bio Investment APS",2018,NA,0
"625","https://www.proff.dk/firma/sundew-aps/k%C3%B8benhavn-n/bioteknologi/0NPIMEI0225/","Sundew ApS",2018,6,39
"626","https://www.proff.dk/firma/ron.dk/n%C3%B8rager/bioteknologi/0OE3PKI0225/","RON.DK",0,0,0
"627","https://www.proff.dk/firma/brygudvikling/sabro/bioteknologi/0OF9QSI0225/","Brygudvikling",0,0,0
"628","https://www.proff.dk/firma/bison-seqtech/ballerup/bioteknologi/0OFF3EI0225/","Bison Seqtech",0,0,0
"629","https://www.proff.dk/firma/nordic-perspective-is/s%C3%B8borg/bioteknologi/0OFJNXI0225/","Nordic Perspective I/S",0,0,0
"630","https://www.proff.dk/firma/genxtract-aps/aarhus-v/bioteknologi/0OFPN5I0225/","GenXtract ApS",0,0,0
"631","https://www.proff.dk/firma/pocd-labs/bagsv%C3%A6rd/bioteknologi/0OFUODI0225/","POCD Labs",0,0,0
"632","https://www.proff.dk/firma/spiralsprout/aarhus-c/bioteknologi/0OHB4XI0225/","Spiralsprout",0,0,0
"633","https://www.proff.dk/firma/photonamic-nordic-filial-af-photonamic-gmbh-co.-kg.-tyskland/roskilde/bioteknologi/0OHS08I0225/","photonamic Nordic, filial af photonamic GmbH &amp; Co. KG., Tyskland",2020,1,39
"634","https://www.proff.dk/firma/morten-weidner/birker%C3%B8d/bioteknologi/0OIR0ZI0225/","Morten Weidner",0,0,0
"635","https://www.proff.dk/firma/biometrix/k%C3%B8benhavn-n/bioteknologi/0OJ2N1I0225/","Biometrix",0,0,0
"636","https://www.proff.dk/firma/biozenergy-consulting/drag%C3%B8r/bioteknologi/0OJOJJI0225/","Biozenergy Consulting",0,0,0
"637","https://www.proff.dk/firma/nov%C3%A9l-bioanalytics/k%C3%B8benhavn-nv/bioteknologi/0OK0N7I0225/","Novél Bioanalytics",0,0,0
"638","https://www.proff.dk/firma/shimadzu-danmark-filial-af-shimadzu-europa-gmbh-tyskland/k%C3%B8benhavn-k/bioteknologi/0OK51HI0225/","Shimadzu Danmark Filial af Shimadzu Europa GmbH, Tyskland",2020,11,39
"639","https://www.proff.dk/firma/curanthia-holdings-aps/rungsted-kyst/bioteknologi/0OKT6JI0225/","Curanthia Holdings ApS",2020,NA,0
"640","https://www.proff.dk/firma/saibomed/k%C3%B8benhavn-%C3%B8/bioteknologi/0OKZ8II0225/","Saibomed",0,0,0
"641","https://www.proff.dk/firma/irw-consulting-dk-filial-af-irw-consulting-ab-sverige/k%C3%B8benhavn-k/bioteknologi/0OL7FXI0225/","IRW Consulting DK filial af IRW- Consulting AB, Sverige",2020,NA,39
"642","https://www.proff.dk/firma/sidsel-st%C3%B8y/risskov/bioteknologi/0OL8LAI0225/","Sidsel Støy",0,0,0
"643","https://www.proff.dk/firma/phage-factory/k%C3%B8benhavn-%C3%B8/bioteknologi/0OLEJRI0225/","Phage Factory",0,0,0
"644","https://www.proff.dk/firma/chromexa-aps/k%C3%B8benhavn-%C3%B8/bioteknologi/0OMSWJI0225/","Chromexa ApS",2020,NA,39
"645","https://www.proff.dk/firma/sanos-group-as/herlev/bioteknologi/0ONJETI0225/","Sanos Group A/S",2020,NA,39
"646","https://www.proff.dk/firma/agrigate/k%C3%B8benhavn-s/bioteknologi/0ONVN1I0225/","AgriGate",0,0,0
"647","https://www.proff.dk/firma/biox-consulting/kongens-lyngby/bioteknologi/0OOHTHI0225/","BioX Consulting",0,0,0
"648","https://www.proff.dk/firma/mafj-consult/v%C3%A6rl%C3%B8se/bioteknologi/0OPM51I0225/","MAFJ Consult",0,0,0
"649","https://www.proff.dk/firma/compass-beauty-denmark-aps/roskilde/bioteknologi/0OPWJVI0225/","Compass Beauty Denmark ApS",0,0,0
"650","https://www.proff.dk/firma/oncotarget-consulting/k%C3%B8benhavn-%C3%B8/bioteknologi/0OQ731I0225/","Oncotarget Consulting",0,0,0
"651","https://www.proff.dk/firma/sjm-ip-aps/frederiksberg-c/bioteknologi/0OYRQMI0225/","SJM IP ApS",0,0,0
"652","https://www.proff.dk/firma/ifo-aps/gentofte/bioteknologi/0OYZPUI0225/","IFO ApS",0,0,0
"653","https://www.proff.dk/firma/serpentides-aps/frederiksberg-c/bioteknologi/0OZK91I0225/","Serpentides ApS",0,0,0
"654","https://www.proff.dk/firma/iprotein-biotech/slagelse/bioteknologi/0OZO98I0225/","Iprotein Biotech",0,0,0
"655","https://www.proff.dk/firma/stroebech-media-aps/hundested/bioteknologi/0P0BSHI0225/","Stroebech Media ApS",0,0,0
"656","https://www.proff.dk/firma/iaso-aps/k%C3%B8benhavn-%C3%B8/bioteknologi/0P0FRZI0225/","IASO ApS",0,0,0
"657","https://www.proff.dk/firma/klmbio-aps/virum/bioteknologi/0P0NMWI0225/","KLMBio ApS",0,0,0
"658","https://www.proff.dk/firma/synobody/k%C3%B8benhavn-%C3%B8/bioteknologi/0P2J78I0225/","Synobody",0,0,0
"659","https://www.proff.dk/firma/virtual-pastures-aps/k%C3%B8benhavn-n/bioteknologi/0P30R2I0225/","Virtual Pastures ApS",0,0,0
"660","https://www.proff.dk/firma/epitopia-aps/k%C3%B8benhavn-%C3%B8/bioteknologi/0P32TBI0225/","Epitopia ApS",0,0,0
"661","https://www.proff.dk/firma/bak-sekventering/risskov/bioteknologi/0P3ZTOI0225/","Bak Sekventering",0,0,0
"662","https://www.proff.dk/firma/sophia-genetics-sa/thisted/bioteknologi/0P4CXYI0225/","Sophia Genetics SA",0,0,0
"663","https://www.proff.dk/firma/a.-lai-consulting/middelfart/bioteknologi/0P4JEXI0225/","A. Lai Consulting",0,0,0
"664","https://www.proff.dk/firma/a%C3%AFda-oncology-aps/k%C3%B8benhavn-k/bioteknologi/0P5HL0I0225/","AÏDA ONCOLOGY Aps",0,0,0
"665","https://www.proff.dk/firma/loa-tech/kokkedal/bioteknologi/0P6F03I0225/","LOA Tech",0,0,0
"666","https://www.proff.dk/firma/e314genetics/%C3%A5byh%C3%B8j/bioteknologi/0P6ZQSI0225/","e314genetics",0,0,0
"667","https://www.proff.dk/firma/meat-tomorrow-aps/k%C3%B8benhavn-n/bioteknologi/0P7VZGI0225/","Meat Tomorrow ApS",0,0,0
"668","https://www.proff.dk/firma/gjervig-consulting-dmpk/k%C3%B8benhavn-k/bioteknologi/0P8DMII0225/","Gjervig Consulting DMPK",0,0,0
"669","https://www.proff.dk/firma/algiecel-aps/k%C3%B8benhavn-%C3%B8/bioteknologi/0P8NQOI0225/","Algiecel ApS",0,0,0
"670","https://www.proff.dk/firma/ikkala/k%C3%B8benhavn-k/bioteknologi/0P9C3AI0225/","Ikkala",0,0,0
"671","https://www.proff.dk/firma/epoqe-pharma-aps/k%C3%B8benhavn-n/bioteknologi/0P9PQUI0225/","Epoqe Pharma ApS",0,0,0
"672","https://www.proff.dk/firma/cewatech-dk-aps/farum/bioteknologi/0P9UE7I0225/","Cewatech DK ApS",0,0,0
"673","https://www.proff.dk/firma/enara-bio-limited/herlev/bioteknologi/0PASSZI0225/","Enara Bio Limited",0,0,0
"674","https://www.proff.dk/firma/invitreo-biosciences-aps/k%C3%B8benhavn-n/bioteknologi/0PB8MNI0225/","Invitreo Biosciences ApS",0,0,0
"675","https://www.proff.dk/firma/dania-therapeutics-aps/hellerup/bioteknologi/0PBFO5I0225/","Dania Therapeutics ApS",0,0,0
"676","https://www.proff.dk/firma/anglodansk-medical-aps/nordhavn/bioteknologi/0PJC3OI0225/","AngloDansk Medical ApS",0,0,0
"677","https://www.proff.dk/firma/torn%C3%B8es-og-h%C3%B8yrups-fond/kerteminde/bioteknologi/0PJCMII0225/","Tornøes og Høyrups Fond",0,0,0
"678","https://www.proff.dk/firma/seges-innovation-fonden/aarhus-n/bioteknologi/0PJDVMI0225/","SEGES Innovation Fonden",0,0,0
"679","https://www.proff.dk/firma/mkr-finans-aps/aarhus-c/bioteknologi/0PJMOVI0225/","MKR Finans APS",0,0,0
"680","https://www.proff.dk/firma/biospringbok-aps/frederiksberg/bioteknologi/0PJOTLI0225/","BioSpringbok ApS",0,0,0
"681","https://www.proff.dk/firma/seges-innovation-ps/aarhus-n/bioteknologi/0PJPE1I0225/","SEGES Innovation P/S",0,0,0
"682","https://www.proff.dk/firma/biophenyx-aps/k%C3%B8benhavn-n/bioteknologi/0PKO56I0225/","BioPhenyx ApS",0,0,0
"683","https://www.proff.dk/firma/breakthrough-biotech-drift-aps/aarhus-c/bioteknologi/0PL3NZI0225/","Breakthrough Biotech Drift Aps",0,0,0
"684","https://www.proff.dk/firma/warburg-oncology-aps/k%C3%B8benhavn-n/bioteknologi/0PLSGSI0225/","Warburg Oncology ApS",0,0,0
"685","https://www.proff.dk/firma/entomowell/vanl%C3%B8se/bioteknologi/0PLWDII0225/","EntomoWell",0,0,0
"686","https://www.proff.dk/firma/duvold-consulting-aps/drag%C3%B8r/bioteknologi/0PM1SZI0225/","Duvold Consulting ApS",0,0,0
"687","https://www.proff.dk/firma/ousia-pharma-aps/k%C3%B8benhavn-n/bioteknologi/0PMU5HI0225/","Ousia Pharma ApS",0,0,0
"688","https://www.proff.dk/firma/svenben-biotec/gentofte/bioteknologi/0PMZGQI0225/","SvenBen BioTec",0,0,0
"689","https://www.proff.dk/firma/jkastrup2/birker%C3%B8d/bioteknologi/0PN3A9I0225/","Jkastrup2",0,0,0
"690","https://www.proff.dk/firma/ilaria-rossomanno/viby-j/bioteknologi/0PN3RLI0225/","Ilaria Rossomanno",0,0,0
"691","https://www.proff.dk/firma/inscripta-denmark-aps/k%C3%B8benhavn-n/bioteknologi/0PN434I0225/","Inscripta Denmark ApS",0,0,0
"692","https://www.proff.dk/firma/kr%C3%A6ftens-bek%C3%A6mpelse/k%C3%B8benhavn-%C3%B8/bioteknologi/0X4BMDI0225/","KRÆFTENS BEKÆMPELSE",0,0,0
"693","https://www.proff.dk/firma/carlsberg-as/k%C3%B8benhavn-v/bioteknologi/10CNFKI0225/","Carlsberg A/S",1999,118,0
"694","https://www.proff.dk/firma/breedex-morten-helt-poulsen/viby-sj%C3%A6lland/bioteknologi/185GDMI0225/","BreedEx /Morten Helt Poulsen",0,0,0
